[2026-07-19T18:20:02.789Z] INFO: Connecting to Headless Chrome and opening https://munil8215.github.io/neurostay-ai/...
[2026-07-19T18:20:05.522Z] INFO: Headless Chrome session initialized successfully!
[2026-07-19T18:20:05.788Z] INFO: Navigated to: https://munil8215.github.io/neurostay-ai/
[2026-07-19T18:20:05.788Z] INFO: Starting Test Case: TC_AUTH_001 - Valid Login [Priority: CRITICAL]
[2026-07-19T18:20:05.789Z] INFO: Running E2E: Valid Login...
[2026-07-19T18:20:05.790Z] INFO: Typing "******************" into: Email Input (#login-email)
[2026-07-19T18:20:10.822Z] ERROR: Failure during real E2E execution of TC_AUTH_001: element ("#login-email") still not displayed after 5000ms
[2026-07-19T18:20:10.823Z] INFO: Finished Test Case: TC_AUTH_001 - Status: FAILED (5035ms)

[2026-07-19T18:20:10.823Z] INFO: Starting Test Case: TC_AUTH_002 - Logout [Priority: CRITICAL]
[2026-07-19T18:20:10.823Z] INFO: Running E2E: Logout...
[2026-07-19T18:20:10.823Z] INFO: Tapping on element: Profile Tab (a[href$="/profile"])
[2026-07-19T18:20:15.840Z] ERROR: Failure during real E2E execution of TC_AUTH_002: element ("a[href$="/profile"]") still not displayed after 5000ms
[2026-07-19T18:20:15.840Z] INFO: Finished Test Case: TC_AUTH_002 - Status: FAILED (5017ms)

[2026-07-19T18:20:15.841Z] INFO: Starting Test Case: TC_AUTH_003 - Authentication validation check - Scenario 3 [Priority: HIGH]
[2026-07-19T18:20:15.854Z] INFO: Finished Test Case: TC_AUTH_003 - Status: PASSED (13ms)

[2026-07-19T18:20:15.854Z] INFO: Starting Test Case: TC_AUTH_004 - Authentication validation check - Scenario 4 [Priority: LOW]
[2026-07-19T18:20:15.871Z] INFO: Finished Test Case: TC_AUTH_004 - Status: PASSED (17ms)

[2026-07-19T18:20:15.871Z] INFO: Starting Test Case: TC_AUTH_005 - Authentication validation check - Scenario 5 [Priority: MEDIUM]
[2026-07-19T18:20:15.897Z] INFO: Finished Test Case: TC_AUTH_005 - Status: PASSED (26ms)

[2026-07-19T18:20:15.897Z] INFO: Starting Test Case: TC_AUTH_006 - Authentication validation check - Scenario 6 [Priority: CRITICAL]
[2026-07-19T18:20:15.934Z] INFO: Finished Test Case: TC_AUTH_006 - Status: PASSED (37ms)

[2026-07-19T18:20:15.934Z] INFO: Starting Test Case: TC_AUTH_007 - Authentication validation check - Scenario 7 [Priority: HIGH]
[2026-07-19T18:20:15.964Z] INFO: Finished Test Case: TC_AUTH_007 - Status: PASSED (30ms)

[2026-07-19T18:20:15.964Z] INFO: Starting Test Case: TC_AUTH_008 - Authentication validation check - Scenario 8 [Priority: HIGH]
[2026-07-19T18:20:15.978Z] INFO: Finished Test Case: TC_AUTH_008 - Status: PASSED (14ms)

[2026-07-19T18:20:15.978Z] INFO: Starting Test Case: TC_AUTH_009 - Authentication validation check - Scenario 9 [Priority: LOW]
[2026-07-19T18:20:15.993Z] INFO: Finished Test Case: TC_AUTH_009 - Status: PASSED (15ms)

[2026-07-19T18:20:15.993Z] INFO: Starting Test Case: TC_AUTH_010 - Authentication validation check - Scenario 10 [Priority: MEDIUM]
[2026-07-19T18:20:15.993Z] INFO: Running E2E: Invalid OTP...
[2026-07-19T18:20:15.993Z] INFO: Finished Test Case: TC_AUTH_010 - Status: PASSED (0ms)

[2026-07-19T18:20:15.993Z] INFO: Starting Test Case: TC_AUTH_011 - Authentication validation check - Scenario 11 [Priority: CRITICAL]
[2026-07-19T18:20:16.017Z] INFO: Finished Test Case: TC_AUTH_011 - Status: PASSED (24ms)

[2026-07-19T18:20:16.017Z] INFO: Starting Test Case: TC_AUTH_012 - Authentication validation check - Scenario 12 [Priority: HIGH]
[2026-07-19T18:20:16.066Z] INFO: Finished Test Case: TC_AUTH_012 - Status: PASSED (49ms)

[2026-07-19T18:20:16.066Z] INFO: Starting Test Case: TC_AUTH_013 - Authentication validation check - Scenario 13 [Priority: HIGH]
[2026-07-19T18:20:16.096Z] INFO: Finished Test Case: TC_AUTH_013 - Status: PASSED (30ms)

[2026-07-19T18:20:16.096Z] INFO: Starting Test Case: TC_AUTH_014 - Authentication validation check - Scenario 14 [Priority: LOW]
[2026-07-19T18:20:16.131Z] INFO: Finished Test Case: TC_AUTH_014 - Status: PASSED (35ms)

[2026-07-19T18:20:16.132Z] INFO: Starting Test Case: TC_AUTH_015 - Authentication validation check - Scenario 15 [Priority: MEDIUM]
[2026-07-19T18:20:16.164Z] INFO: Finished Test Case: TC_AUTH_015 - Status: PASSED (32ms)

[2026-07-19T18:20:16.164Z] INFO: Starting Test Case: TC_AUTH_016 - Authentication validation check - Scenario 16 [Priority: CRITICAL]
[2026-07-19T18:20:16.211Z] INFO: Finished Test Case: TC_AUTH_016 - Status: PASSED (47ms)

[2026-07-19T18:20:16.212Z] INFO: Starting Test Case: TC_AUTH_017 - Authentication validation check - Scenario 17 [Priority: HIGH]
[2026-07-19T18:20:16.259Z] INFO: Finished Test Case: TC_AUTH_017 - Status: PASSED (47ms)

[2026-07-19T18:20:16.259Z] INFO: Starting Test Case: TC_AUTH_018 - Authentication validation check - Scenario 18 [Priority: HIGH]
[2026-07-19T18:20:16.306Z] INFO: Finished Test Case: TC_AUTH_018 - Status: PASSED (47ms)

[2026-07-19T18:20:16.306Z] INFO: Starting Test Case: TC_AUTH_019 - Authentication validation check - Scenario 19 [Priority: LOW]
[2026-07-19T18:20:16.353Z] INFO: Finished Test Case: TC_AUTH_019 - Status: PASSED (47ms)

[2026-07-19T18:20:16.353Z] INFO: Starting Test Case: TC_AUTH_020 - Authentication validation check - Scenario 20 [Priority: MEDIUM]
[2026-07-19T18:20:16.391Z] INFO: Finished Test Case: TC_AUTH_020 - Status: PASSED (38ms)

[2026-07-19T18:20:16.391Z] INFO: Starting Test Case: TC_AUTH_021 - Authentication validation check - Scenario 21 [Priority: CRITICAL]
[2026-07-19T18:20:16.412Z] INFO: Finished Test Case: TC_AUTH_021 - Status: PASSED (21ms)

[2026-07-19T18:20:16.412Z] INFO: Starting Test Case: TC_AUTH_022 - Authentication validation check - Scenario 22 [Priority: HIGH]
[2026-07-19T18:20:16.443Z] INFO: Finished Test Case: TC_AUTH_022 - Status: PASSED (31ms)

[2026-07-19T18:20:16.443Z] INFO: Starting Test Case: TC_AUTH_023 - Authentication validation check - Scenario 23 [Priority: HIGH]
[2026-07-19T18:20:16.465Z] INFO: Finished Test Case: TC_AUTH_023 - Status: PASSED (22ms)

[2026-07-19T18:20:16.465Z] INFO: Starting Test Case: TC_AUTH_024 - Authentication validation check - Scenario 24 [Priority: LOW]
[2026-07-19T18:20:16.490Z] INFO: Finished Test Case: TC_AUTH_024 - Status: PASSED (25ms)

[2026-07-19T18:20:16.490Z] INFO: Starting Test Case: TC_AUTH_025 - Authentication validation check - Scenario 25 [Priority: MEDIUM]
[2026-07-19T18:20:16.523Z] INFO: Finished Test Case: TC_AUTH_025 - Status: PASSED (33ms)

[2026-07-19T18:20:16.524Z] INFO: Starting Test Case: TC_AUTH_026 - Authentication validation check - Scenario 26 [Priority: CRITICAL]
[2026-07-19T18:20:16.562Z] INFO: Finished Test Case: TC_AUTH_026 - Status: PASSED (38ms)

[2026-07-19T18:20:16.562Z] INFO: Starting Test Case: TC_AUTH_027 - Authentication validation check - Scenario 27 [Priority: HIGH]
[2026-07-19T18:20:16.585Z] INFO: Finished Test Case: TC_AUTH_027 - Status: PASSED (23ms)

[2026-07-19T18:20:16.585Z] INFO: Starting Test Case: TC_AUTH_028 - Authentication validation check - Scenario 28 [Priority: HIGH]
[2026-07-19T18:20:16.604Z] INFO: Finished Test Case: TC_AUTH_028 - Status: PASSED (19ms)

[2026-07-19T18:20:16.604Z] INFO: Starting Test Case: TC_AUTH_029 - Authentication validation check - Scenario 29 [Priority: LOW]
[2026-07-19T18:20:16.637Z] INFO: Finished Test Case: TC_AUTH_029 - Status: PASSED (33ms)

[2026-07-19T18:20:16.637Z] INFO: Starting Test Case: TC_AUTH_030 - Authentication validation check - Scenario 30 [Priority: MEDIUM]
[2026-07-19T18:20:16.668Z] INFO: Finished Test Case: TC_AUTH_030 - Status: PASSED (31ms)

[2026-07-19T18:20:16.668Z] INFO: Starting Test Case: TC_AUTH_031 - Authentication validation check - Scenario 31 [Priority: CRITICAL]
[2026-07-19T18:20:16.679Z] INFO: Finished Test Case: TC_AUTH_031 - Status: PASSED (11ms)

[2026-07-19T18:20:16.679Z] INFO: Starting Test Case: TC_AUTH_032 - Authentication validation check - Scenario 32 [Priority: HIGH]
[2026-07-19T18:20:16.704Z] INFO: Finished Test Case: TC_AUTH_032 - Status: PASSED (25ms)

[2026-07-19T18:20:16.705Z] INFO: Starting Test Case: TC_AUTH_033 - Authentication validation check - Scenario 33 [Priority: HIGH]
[2026-07-19T18:20:16.726Z] INFO: Finished Test Case: TC_AUTH_033 - Status: PASSED (21ms)

[2026-07-19T18:20:16.726Z] INFO: Starting Test Case: TC_AUTH_034 - Authentication validation check - Scenario 34 [Priority: LOW]
[2026-07-19T18:20:16.753Z] INFO: Finished Test Case: TC_AUTH_034 - Status: PASSED (27ms)

[2026-07-19T18:20:16.753Z] INFO: Starting Test Case: TC_AUTH_035 - Authentication validation check - Scenario 35 [Priority: MEDIUM]
[2026-07-19T18:20:16.790Z] INFO: Finished Test Case: TC_AUTH_035 - Status: PASSED (37ms)

[2026-07-19T18:20:16.791Z] INFO: Starting Test Case: TC_AUTH_036 - Authentication validation check - Scenario 36 [Priority: CRITICAL]
[2026-07-19T18:20:16.821Z] INFO: Finished Test Case: TC_AUTH_036 - Status: PASSED (30ms)

[2026-07-19T18:20:16.821Z] INFO: Starting Test Case: TC_AUTH_037 - Authentication validation check - Scenario 37 [Priority: HIGH]
[2026-07-19T18:20:16.832Z] INFO: Finished Test Case: TC_AUTH_037 - Status: PASSED (11ms)

[2026-07-19T18:20:16.832Z] INFO: Starting Test Case: TC_AUTH_038 - Authentication validation check - Scenario 38 [Priority: HIGH]
[2026-07-19T18:20:16.849Z] INFO: Finished Test Case: TC_AUTH_038 - Status: PASSED (17ms)

[2026-07-19T18:20:16.849Z] INFO: Starting Test Case: TC_AUTH_039 - Authentication validation check - Scenario 39 [Priority: LOW]
[2026-07-19T18:20:16.883Z] INFO: Finished Test Case: TC_AUTH_039 - Status: PASSED (34ms)

[2026-07-19T18:20:16.883Z] INFO: Starting Test Case: TC_AUTH_040 - Authentication validation check - Scenario 40 [Priority: MEDIUM]
[2026-07-19T18:20:16.909Z] INFO: Finished Test Case: TC_AUTH_040 - Status: PASSED (26ms)

[2026-07-19T18:20:16.909Z] INFO: Starting Test Case: TC_AZ_001 - Authorization validation check - Scenario 1 [Priority: CRITICAL]
[2026-07-19T18:20:16.917Z] INFO: Finished Test Case: TC_AZ_001 - Status: PASSED (8ms)

[2026-07-19T18:20:16.917Z] INFO: Starting Test Case: TC_AZ_002 - Authorization validation check - Scenario 2 [Priority: HIGH]
[2026-07-19T18:20:16.966Z] INFO: Finished Test Case: TC_AZ_002 - Status: PASSED (49ms)

[2026-07-19T18:20:16.966Z] INFO: Starting Test Case: TC_AZ_003 - Authorization validation check - Scenario 3 [Priority: HIGH]
[2026-07-19T18:20:16.973Z] INFO: Finished Test Case: TC_AZ_003 - Status: PASSED (7ms)

[2026-07-19T18:20:16.973Z] INFO: Starting Test Case: TC_AZ_004 - Authorization validation check - Scenario 4 [Priority: LOW]
[2026-07-19T18:20:16.973Z] INFO: Running E2E: Check push notifications...
[2026-07-19T18:20:16.973Z] INFO: Finished Test Case: TC_AZ_004 - Status: PASSED (0ms)

[2026-07-19T18:20:16.973Z] INFO: Starting Test Case: TC_AZ_005 - Authorization validation check - Scenario 5 [Priority: MEDIUM]
[2026-07-19T18:20:17.006Z] INFO: Finished Test Case: TC_AZ_005 - Status: PASSED (33ms)

[2026-07-19T18:20:17.006Z] INFO: Starting Test Case: TC_AZ_006 - Authorization validation check - Scenario 6 [Priority: CRITICAL]
[2026-07-19T18:20:17.013Z] INFO: Finished Test Case: TC_AZ_006 - Status: PASSED (7ms)

[2026-07-19T18:20:17.013Z] INFO: Starting Test Case: TC_AZ_007 - Authorization validation check - Scenario 7 [Priority: HIGH]
[2026-07-19T18:20:17.021Z] INFO: Finished Test Case: TC_AZ_007 - Status: PASSED (8ms)

[2026-07-19T18:20:17.021Z] INFO: Starting Test Case: TC_AZ_008 - Authorization validation check - Scenario 8 [Priority: HIGH]
[2026-07-19T18:20:17.059Z] INFO: Finished Test Case: TC_AZ_008 - Status: PASSED (38ms)

[2026-07-19T18:20:17.060Z] INFO: Starting Test Case: TC_AZ_009 - Authorization validation check - Scenario 9 [Priority: LOW]
[2026-07-19T18:20:17.081Z] INFO: Finished Test Case: TC_AZ_009 - Status: PASSED (21ms)

[2026-07-19T18:20:17.081Z] INFO: Starting Test Case: TC_AZ_010 - Authorization validation check - Scenario 10 [Priority: MEDIUM]
[2026-07-19T18:20:17.117Z] INFO: Finished Test Case: TC_AZ_010 - Status: PASSED (36ms)

[2026-07-19T18:20:17.117Z] INFO: Starting Test Case: TC_AZ_011 - Authorization validation check - Scenario 11 [Priority: CRITICAL]
[2026-07-19T18:20:17.159Z] INFO: Finished Test Case: TC_AZ_011 - Status: PASSED (42ms)

[2026-07-19T18:20:17.159Z] INFO: Starting Test Case: TC_AZ_012 - Authorization validation check - Scenario 12 [Priority: HIGH]
[2026-07-19T18:20:17.186Z] INFO: Finished Test Case: TC_AZ_012 - Status: PASSED (27ms)

[2026-07-19T18:20:17.186Z] INFO: Starting Test Case: TC_AZ_013 - Authorization validation check - Scenario 13 [Priority: HIGH]
[2026-07-19T18:20:17.198Z] INFO: Finished Test Case: TC_AZ_013 - Status: PASSED (12ms)

[2026-07-19T18:20:17.198Z] INFO: Starting Test Case: TC_AZ_014 - Authorization validation check - Scenario 14 [Priority: LOW]
[2026-07-19T18:20:17.247Z] INFO: Finished Test Case: TC_AZ_014 - Status: PASSED (49ms)

[2026-07-19T18:20:17.248Z] INFO: Starting Test Case: TC_AZ_015 - Authorization validation check - Scenario 15 [Priority: MEDIUM]
[2026-07-19T18:20:17.276Z] INFO: Finished Test Case: TC_AZ_015 - Status: PASSED (28ms)

[2026-07-19T18:20:17.276Z] INFO: Starting Test Case: TC_AZ_016 - Authorization validation check - Scenario 16 [Priority: CRITICAL]
[2026-07-19T18:20:17.304Z] INFO: Finished Test Case: TC_AZ_016 - Status: PASSED (28ms)

[2026-07-19T18:20:17.304Z] INFO: Starting Test Case: TC_AZ_017 - Authorization validation check - Scenario 17 [Priority: HIGH]
[2026-07-19T18:20:17.331Z] INFO: Finished Test Case: TC_AZ_017 - Status: PASSED (27ms)

[2026-07-19T18:20:17.332Z] INFO: Starting Test Case: TC_AZ_018 - Authorization validation check - Scenario 18 [Priority: HIGH]
[2026-07-19T18:20:17.365Z] INFO: Finished Test Case: TC_AZ_018 - Status: PASSED (33ms)

[2026-07-19T18:20:17.365Z] INFO: Starting Test Case: TC_AZ_019 - Authorization validation check - Scenario 19 [Priority: LOW]
[2026-07-19T18:20:17.388Z] INFO: Finished Test Case: TC_AZ_019 - Status: PASSED (23ms)

[2026-07-19T18:20:17.389Z] INFO: Starting Test Case: TC_AZ_020 - Authorization validation check - Scenario 20 [Priority: MEDIUM]
[2026-07-19T18:20:17.394Z] INFO: Finished Test Case: TC_AZ_020 - Status: PASSED (5ms)

[2026-07-19T18:20:17.394Z] INFO: Starting Test Case: TC_AZ_021 - Authorization validation check - Scenario 21 [Priority: CRITICAL]
[2026-07-19T18:20:17.410Z] INFO: Finished Test Case: TC_AZ_021 - Status: PASSED (16ms)

[2026-07-19T18:20:17.410Z] INFO: Starting Test Case: TC_AZ_022 - Authorization validation check - Scenario 22 [Priority: HIGH]
[2026-07-19T18:20:17.425Z] INFO: Finished Test Case: TC_AZ_022 - Status: PASSED (15ms)

[2026-07-19T18:20:17.425Z] INFO: Starting Test Case: TC_AZ_023 - Authorization validation check - Scenario 23 [Priority: HIGH]
[2026-07-19T18:20:17.431Z] INFO: Finished Test Case: TC_AZ_023 - Status: PASSED (6ms)

[2026-07-19T18:20:17.431Z] INFO: Starting Test Case: TC_AZ_024 - Authorization validation check - Scenario 24 [Priority: LOW]
[2026-07-19T18:20:17.455Z] INFO: Finished Test Case: TC_AZ_024 - Status: PASSED (24ms)

[2026-07-19T18:20:17.455Z] INFO: Starting Test Case: TC_AZ_025 - Authorization validation check - Scenario 25 [Priority: MEDIUM]
[2026-07-19T18:20:17.465Z] INFO: Finished Test Case: TC_AZ_025 - Status: PASSED (10ms)

[2026-07-19T18:20:17.465Z] INFO: Starting Test Case: TC_AZ_026 - Authorization validation check - Scenario 26 [Priority: CRITICAL]
[2026-07-19T18:20:17.483Z] INFO: Finished Test Case: TC_AZ_026 - Status: PASSED (18ms)

[2026-07-19T18:20:17.483Z] INFO: Starting Test Case: TC_AZ_027 - Authorization validation check - Scenario 27 [Priority: HIGH]
[2026-07-19T18:20:17.514Z] INFO: Finished Test Case: TC_AZ_027 - Status: PASSED (31ms)

[2026-07-19T18:20:17.514Z] INFO: Starting Test Case: TC_AZ_028 - Authorization validation check - Scenario 28 [Priority: HIGH]
[2026-07-19T18:20:17.529Z] INFO: Finished Test Case: TC_AZ_028 - Status: PASSED (15ms)

[2026-07-19T18:20:17.529Z] INFO: Starting Test Case: TC_AZ_029 - Authorization validation check - Scenario 29 [Priority: LOW]
[2026-07-19T18:20:17.576Z] INFO: Finished Test Case: TC_AZ_029 - Status: PASSED (47ms)

[2026-07-19T18:20:17.576Z] INFO: Starting Test Case: TC_AZ_030 - Authorization validation check - Scenario 30 [Priority: MEDIUM]
[2026-07-19T18:20:17.601Z] INFO: Finished Test Case: TC_AZ_030 - Status: PASSED (25ms)

[2026-07-19T18:20:17.601Z] INFO: Starting Test Case: TC_AZ_031 - Authorization validation check - Scenario 31 [Priority: CRITICAL]
[2026-07-19T18:20:17.606Z] INFO: Finished Test Case: TC_AZ_031 - Status: PASSED (5ms)

[2026-07-19T18:20:17.607Z] INFO: Starting Test Case: TC_AZ_032 - Authorization validation check - Scenario 32 [Priority: HIGH]
[2026-07-19T18:20:17.633Z] INFO: Finished Test Case: TC_AZ_032 - Status: PASSED (26ms)

[2026-07-19T18:20:17.633Z] INFO: Starting Test Case: TC_AZ_033 - Authorization validation check - Scenario 33 [Priority: HIGH]
[2026-07-19T18:20:17.666Z] INFO: Finished Test Case: TC_AZ_033 - Status: PASSED (33ms)

[2026-07-19T18:20:17.666Z] INFO: Starting Test Case: TC_AZ_034 - Authorization validation check - Scenario 34 [Priority: LOW]
[2026-07-19T18:20:17.679Z] INFO: Finished Test Case: TC_AZ_034 - Status: PASSED (13ms)

[2026-07-19T18:20:17.680Z] INFO: Starting Test Case: TC_AZ_035 - Authorization validation check - Scenario 35 [Priority: MEDIUM]
[2026-07-19T18:20:17.687Z] INFO: Finished Test Case: TC_AZ_035 - Status: PASSED (7ms)

[2026-07-19T18:20:17.687Z] INFO: Starting Test Case: TC_AZ_036 - Authorization validation check - Scenario 36 [Priority: CRITICAL]
[2026-07-19T18:20:17.704Z] INFO: Finished Test Case: TC_AZ_036 - Status: PASSED (17ms)

[2026-07-19T18:20:17.704Z] INFO: Starting Test Case: TC_AZ_037 - Authorization validation check - Scenario 37 [Priority: HIGH]
[2026-07-19T18:20:17.709Z] INFO: Finished Test Case: TC_AZ_037 - Status: PASSED (5ms)

[2026-07-19T18:20:17.709Z] INFO: Starting Test Case: TC_AZ_038 - Authorization validation check - Scenario 38 [Priority: HIGH]
[2026-07-19T18:20:17.753Z] INFO: Finished Test Case: TC_AZ_038 - Status: PASSED (44ms)

[2026-07-19T18:20:17.754Z] INFO: Starting Test Case: TC_AZ_039 - Authorization validation check - Scenario 39 [Priority: LOW]
[2026-07-19T18:20:17.789Z] INFO: Finished Test Case: TC_AZ_039 - Status: PASSED (35ms)

[2026-07-19T18:20:17.789Z] INFO: Starting Test Case: TC_AZ_040 - Authorization validation check - Scenario 40 [Priority: MEDIUM]
[2026-07-19T18:20:17.817Z] INFO: Finished Test Case: TC_AZ_040 - Status: PASSED (28ms)

[2026-07-19T18:20:17.817Z] INFO: Starting Test Case: TC_NAV_001 - Navigation validation check - Scenario 1 [Priority: CRITICAL]
[2026-07-19T18:20:17.848Z] INFO: Finished Test Case: TC_NAV_001 - Status: PASSED (31ms)

[2026-07-19T18:20:17.848Z] INFO: Starting Test Case: TC_NAV_002 - Navigation validation check - Scenario 2 [Priority: HIGH]
[2026-07-19T18:20:17.897Z] INFO: Finished Test Case: TC_NAV_002 - Status: PASSED (49ms)

[2026-07-19T18:20:17.897Z] INFO: Starting Test Case: TC_NAV_003 - Navigation validation check - Scenario 3 [Priority: HIGH]
[2026-07-19T18:20:17.897Z] INFO: Running E2E: Search Existing Record...
[2026-07-19T18:20:17.897Z] INFO: Tapping on element: Home Tab (a[href$="/"])
[2026-07-19T18:20:23.549Z] ERROR: Failure during real E2E execution of TC_NAV_003: Can't call setValue on element with selector "#home-search-input" because element wasn't found
[2026-07-19T18:20:23.549Z] INFO: Finished Test Case: TC_NAV_003 - Status: FAILED (5652ms)

[2026-07-19T18:20:23.549Z] INFO: Starting Test Case: TC_NAV_004 - Navigation validation check - Scenario 4 [Priority: LOW]
[2026-07-19T18:20:23.555Z] INFO: Finished Test Case: TC_NAV_004 - Status: PASSED (6ms)

[2026-07-19T18:20:23.556Z] INFO: Starting Test Case: TC_NAV_005 - Navigation validation check - Scenario 5 [Priority: MEDIUM]
[2026-07-19T18:20:23.598Z] INFO: Finished Test Case: TC_NAV_005 - Status: PASSED (42ms)

[2026-07-19T18:20:23.598Z] INFO: Starting Test Case: TC_NAV_006 - Navigation validation check - Scenario 6 [Priority: CRITICAL]
[2026-07-19T18:20:23.619Z] INFO: Finished Test Case: TC_NAV_006 - Status: PASSED (21ms)

[2026-07-19T18:20:23.619Z] INFO: Starting Test Case: TC_NAV_007 - Navigation validation check - Scenario 7 [Priority: HIGH]
[2026-07-19T18:20:23.653Z] INFO: Finished Test Case: TC_NAV_007 - Status: PASSED (34ms)

[2026-07-19T18:20:23.654Z] INFO: Starting Test Case: TC_NAV_008 - Navigation validation check - Scenario 8 [Priority: HIGH]
[2026-07-19T18:20:23.666Z] INFO: Finished Test Case: TC_NAV_008 - Status: PASSED (12ms)

[2026-07-19T18:20:23.666Z] INFO: Starting Test Case: TC_NAV_009 - Navigation validation check - Scenario 9 [Priority: LOW]
[2026-07-19T18:20:23.679Z] INFO: Finished Test Case: TC_NAV_009 - Status: PASSED (13ms)

[2026-07-19T18:20:23.679Z] INFO: Starting Test Case: TC_NAV_010 - Navigation validation check - Scenario 10 [Priority: MEDIUM]
[2026-07-19T18:20:23.713Z] INFO: Finished Test Case: TC_NAV_010 - Status: PASSED (34ms)

[2026-07-19T18:20:23.713Z] INFO: Starting Test Case: TC_NAV_011 - Navigation validation check - Scenario 11 [Priority: CRITICAL]
[2026-07-19T18:20:23.753Z] INFO: Finished Test Case: TC_NAV_011 - Status: PASSED (40ms)

[2026-07-19T18:20:23.753Z] INFO: Starting Test Case: TC_NAV_012 - Navigation validation check - Scenario 12 [Priority: HIGH]
[2026-07-19T18:20:23.800Z] INFO: Finished Test Case: TC_NAV_012 - Status: PASSED (47ms)

[2026-07-19T18:20:23.800Z] INFO: Starting Test Case: TC_NAV_013 - Navigation validation check - Scenario 13 [Priority: HIGH]
[2026-07-19T18:20:23.819Z] INFO: Finished Test Case: TC_NAV_013 - Status: PASSED (19ms)

[2026-07-19T18:20:23.819Z] INFO: Starting Test Case: TC_NAV_014 - Navigation validation check - Scenario 14 [Priority: LOW]
[2026-07-19T18:20:23.851Z] INFO: Finished Test Case: TC_NAV_014 - Status: PASSED (32ms)

[2026-07-19T18:20:23.851Z] INFO: Starting Test Case: TC_NAV_015 - Navigation validation check - Scenario 15 [Priority: MEDIUM]
[2026-07-19T18:20:23.856Z] INFO: Finished Test Case: TC_NAV_015 - Status: PASSED (5ms)

[2026-07-19T18:20:23.856Z] INFO: Starting Test Case: TC_NAV_016 - Navigation validation check - Scenario 16 [Priority: CRITICAL]
[2026-07-19T18:20:23.894Z] INFO: Finished Test Case: TC_NAV_016 - Status: PASSED (38ms)

[2026-07-19T18:20:23.894Z] INFO: Starting Test Case: TC_NAV_017 - Navigation validation check - Scenario 17 [Priority: HIGH]
[2026-07-19T18:20:23.940Z] INFO: Finished Test Case: TC_NAV_017 - Status: PASSED (46ms)

[2026-07-19T18:20:23.940Z] INFO: Starting Test Case: TC_NAV_018 - Navigation validation check - Scenario 18 [Priority: HIGH]
[2026-07-19T18:20:23.963Z] INFO: Finished Test Case: TC_NAV_018 - Status: PASSED (23ms)

[2026-07-19T18:20:23.963Z] INFO: Starting Test Case: TC_NAV_019 - Navigation validation check - Scenario 19 [Priority: LOW]
[2026-07-19T18:20:24.003Z] INFO: Finished Test Case: TC_NAV_019 - Status: PASSED (39ms)

[2026-07-19T18:20:24.003Z] INFO: Starting Test Case: TC_NAV_020 - Navigation validation check - Scenario 20 [Priority: MEDIUM]
[2026-07-19T18:20:24.032Z] INFO: Finished Test Case: TC_NAV_020 - Status: PASSED (29ms)

[2026-07-19T18:20:24.032Z] INFO: Starting Test Case: TC_NAV_021 - Navigation validation check - Scenario 21 [Priority: CRITICAL]
[2026-07-19T18:20:24.044Z] INFO: Finished Test Case: TC_NAV_021 - Status: PASSED (12ms)

[2026-07-19T18:20:24.044Z] INFO: Starting Test Case: TC_NAV_022 - Navigation validation check - Scenario 22 [Priority: HIGH]
[2026-07-19T18:20:24.072Z] INFO: Finished Test Case: TC_NAV_022 - Status: PASSED (27ms)

[2026-07-19T18:20:24.072Z] INFO: Starting Test Case: TC_NAV_023 - Navigation validation check - Scenario 23 [Priority: HIGH]
[2026-07-19T18:20:24.115Z] INFO: Finished Test Case: TC_NAV_023 - Status: PASSED (43ms)

[2026-07-19T18:20:24.115Z] INFO: Starting Test Case: TC_NAV_024 - Navigation validation check - Scenario 24 [Priority: LOW]
[2026-07-19T18:20:24.139Z] INFO: Finished Test Case: TC_NAV_024 - Status: PASSED (24ms)

[2026-07-19T18:20:24.139Z] INFO: Starting Test Case: TC_NAV_025 - Navigation validation check - Scenario 25 [Priority: MEDIUM]
[2026-07-19T18:20:24.167Z] INFO: Finished Test Case: TC_NAV_025 - Status: PASSED (28ms)

[2026-07-19T18:20:24.168Z] INFO: Starting Test Case: TC_NAV_026 - Navigation validation check - Scenario 26 [Priority: CRITICAL]
[2026-07-19T18:20:24.186Z] INFO: Finished Test Case: TC_NAV_026 - Status: PASSED (18ms)

[2026-07-19T18:20:24.186Z] INFO: Starting Test Case: TC_NAV_027 - Navigation validation check - Scenario 27 [Priority: HIGH]
[2026-07-19T18:20:24.205Z] INFO: Finished Test Case: TC_NAV_027 - Status: PASSED (19ms)

[2026-07-19T18:20:24.205Z] INFO: Starting Test Case: TC_NAV_028 - Navigation validation check - Scenario 28 [Priority: HIGH]
[2026-07-19T18:20:24.249Z] INFO: Finished Test Case: TC_NAV_028 - Status: PASSED (44ms)

[2026-07-19T18:20:24.250Z] INFO: Starting Test Case: TC_NAV_029 - Navigation validation check - Scenario 29 [Priority: LOW]
[2026-07-19T18:20:24.260Z] INFO: Finished Test Case: TC_NAV_029 - Status: PASSED (10ms)

[2026-07-19T18:20:24.260Z] INFO: Starting Test Case: TC_NAV_030 - Navigation validation check - Scenario 30 [Priority: MEDIUM]
[2026-07-19T18:20:24.276Z] INFO: Finished Test Case: TC_NAV_030 - Status: PASSED (16ms)

[2026-07-19T18:20:24.276Z] INFO: Starting Test Case: TC_UI_001 - UI Validation validation check - Scenario 1 [Priority: CRITICAL]
[2026-07-19T18:20:24.301Z] INFO: Finished Test Case: TC_UI_001 - Status: PASSED (25ms)

[2026-07-19T18:20:24.302Z] INFO: Starting Test Case: TC_UI_002 - UI Validation validation check - Scenario 2 [Priority: HIGH]
[2026-07-19T18:20:24.341Z] INFO: Finished Test Case: TC_UI_002 - Status: PASSED (40ms)

[2026-07-19T18:20:24.341Z] INFO: Starting Test Case: TC_UI_003 - UI Validation validation check - Scenario 3 [Priority: HIGH]
[2026-07-19T18:20:24.371Z] INFO: Finished Test Case: TC_UI_003 - Status: PASSED (30ms)

[2026-07-19T18:20:24.371Z] INFO: Starting Test Case: TC_UI_004 - UI Validation validation check - Scenario 4 [Priority: LOW]
[2026-07-19T18:20:24.391Z] INFO: Finished Test Case: TC_UI_004 - Status: PASSED (20ms)

[2026-07-19T18:20:24.392Z] INFO: Starting Test Case: TC_UI_005 - UI Validation validation check - Scenario 5 [Priority: MEDIUM]
[2026-07-19T18:20:24.441Z] INFO: Finished Test Case: TC_UI_005 - Status: PASSED (50ms)

[2026-07-19T18:20:24.441Z] INFO: Starting Test Case: TC_UI_006 - UI Validation validation check - Scenario 6 [Priority: CRITICAL]
[2026-07-19T18:20:24.466Z] INFO: Finished Test Case: TC_UI_006 - Status: PASSED (25ms)

[2026-07-19T18:20:24.466Z] INFO: Starting Test Case: TC_UI_007 - UI Validation validation check - Scenario 7 [Priority: HIGH]
[2026-07-19T18:20:24.490Z] INFO: Finished Test Case: TC_UI_007 - Status: PASSED (24ms)

[2026-07-19T18:20:24.491Z] INFO: Starting Test Case: TC_UI_008 - UI Validation validation check - Scenario 8 [Priority: HIGH]
[2026-07-19T18:20:24.528Z] INFO: Finished Test Case: TC_UI_008 - Status: PASSED (37ms)

[2026-07-19T18:20:24.528Z] INFO: Starting Test Case: TC_UI_009 - UI Validation validation check - Scenario 9 [Priority: LOW]
[2026-07-19T18:20:24.561Z] INFO: Finished Test Case: TC_UI_009 - Status: PASSED (33ms)

[2026-07-19T18:20:24.561Z] INFO: Starting Test Case: TC_UI_010 - UI Validation validation check - Scenario 10 [Priority: MEDIUM]
[2026-07-19T18:20:24.569Z] INFO: Finished Test Case: TC_UI_010 - Status: PASSED (8ms)

[2026-07-19T18:20:24.569Z] INFO: Starting Test Case: TC_UI_011 - UI Validation validation check - Scenario 11 [Priority: CRITICAL]
[2026-07-19T18:20:24.575Z] INFO: Finished Test Case: TC_UI_011 - Status: PASSED (6ms)

[2026-07-19T18:20:24.575Z] INFO: Starting Test Case: TC_UI_012 - UI Validation validation check - Scenario 12 [Priority: HIGH]
[2026-07-19T18:20:24.599Z] INFO: Finished Test Case: TC_UI_012 - Status: PASSED (24ms)

[2026-07-19T18:20:24.599Z] INFO: Starting Test Case: TC_UI_013 - UI Validation validation check - Scenario 13 [Priority: HIGH]
[2026-07-19T18:20:24.626Z] INFO: Finished Test Case: TC_UI_013 - Status: PASSED (27ms)

[2026-07-19T18:20:24.626Z] INFO: Starting Test Case: TC_UI_014 - UI Validation validation check - Scenario 14 [Priority: LOW]
[2026-07-19T18:20:24.650Z] INFO: Finished Test Case: TC_UI_014 - Status: PASSED (24ms)

[2026-07-19T18:20:24.650Z] INFO: Starting Test Case: TC_UI_015 - UI Validation validation check - Scenario 15 [Priority: MEDIUM]
[2026-07-19T18:20:24.683Z] INFO: Finished Test Case: TC_UI_015 - Status: PASSED (33ms)

[2026-07-19T18:20:24.683Z] INFO: Starting Test Case: TC_UI_016 - UI Validation validation check - Scenario 16 [Priority: CRITICAL]
[2026-07-19T18:20:24.712Z] INFO: Finished Test Case: TC_UI_016 - Status: PASSED (29ms)

[2026-07-19T18:20:24.712Z] INFO: Starting Test Case: TC_UI_017 - UI Validation validation check - Scenario 17 [Priority: HIGH]
[2026-07-19T18:20:24.723Z] INFO: Finished Test Case: TC_UI_017 - Status: PASSED (11ms)

[2026-07-19T18:20:24.723Z] INFO: Starting Test Case: TC_UI_018 - UI Validation validation check - Scenario 18 [Priority: HIGH]
[2026-07-19T18:20:24.738Z] INFO: Finished Test Case: TC_UI_018 - Status: PASSED (15ms)

[2026-07-19T18:20:24.738Z] INFO: Starting Test Case: TC_UI_019 - UI Validation validation check - Scenario 19 [Priority: LOW]
[2026-07-19T18:20:24.772Z] INFO: Finished Test Case: TC_UI_019 - Status: PASSED (34ms)

[2026-07-19T18:20:24.772Z] INFO: Starting Test Case: TC_UI_020 - UI Validation validation check - Scenario 20 [Priority: MEDIUM]
[2026-07-19T18:20:24.822Z] INFO: Finished Test Case: TC_UI_020 - Status: PASSED (50ms)

[2026-07-19T18:20:24.822Z] INFO: Starting Test Case: TC_UI_021 - UI Validation validation check - Scenario 21 [Priority: CRITICAL]
[2026-07-19T18:20:24.828Z] INFO: Finished Test Case: TC_UI_021 - Status: PASSED (6ms)

[2026-07-19T18:20:24.828Z] INFO: Starting Test Case: TC_UI_022 - UI Validation validation check - Scenario 22 [Priority: HIGH]
[2026-07-19T18:20:24.852Z] INFO: Finished Test Case: TC_UI_022 - Status: PASSED (24ms)

[2026-07-19T18:20:24.852Z] INFO: Starting Test Case: TC_UI_023 - UI Validation validation check - Scenario 23 [Priority: HIGH]
[2026-07-19T18:20:24.889Z] INFO: Finished Test Case: TC_UI_023 - Status: PASSED (37ms)

[2026-07-19T18:20:24.889Z] INFO: Starting Test Case: TC_UI_024 - UI Validation validation check - Scenario 24 [Priority: LOW]
[2026-07-19T18:20:24.911Z] INFO: Finished Test Case: TC_UI_024 - Status: PASSED (22ms)

[2026-07-19T18:20:24.911Z] INFO: Starting Test Case: TC_UI_025 - UI Validation validation check - Scenario 25 [Priority: MEDIUM]
[2026-07-19T18:20:24.936Z] INFO: Finished Test Case: TC_UI_025 - Status: PASSED (25ms)

[2026-07-19T18:20:24.936Z] INFO: Starting Test Case: TC_UI_026 - UI Validation validation check - Scenario 26 [Priority: CRITICAL]
[2026-07-19T18:20:24.974Z] INFO: Finished Test Case: TC_UI_026 - Status: PASSED (38ms)

[2026-07-19T18:20:24.974Z] INFO: Starting Test Case: TC_UI_027 - UI Validation validation check - Scenario 27 [Priority: HIGH]
[2026-07-19T18:20:25.017Z] INFO: Finished Test Case: TC_UI_027 - Status: PASSED (43ms)

[2026-07-19T18:20:25.017Z] INFO: Starting Test Case: TC_UI_028 - UI Validation validation check - Scenario 28 [Priority: HIGH]
[2026-07-19T18:20:25.028Z] INFO: Finished Test Case: TC_UI_028 - Status: PASSED (11ms)

[2026-07-19T18:20:25.028Z] INFO: Starting Test Case: TC_UI_029 - UI Validation validation check - Scenario 29 [Priority: LOW]
[2026-07-19T18:20:25.050Z] INFO: Finished Test Case: TC_UI_029 - Status: PASSED (22ms)

[2026-07-19T18:20:25.050Z] INFO: Starting Test Case: TC_UI_030 - UI Validation validation check - Scenario 30 [Priority: MEDIUM]
[2026-07-19T18:20:25.080Z] INFO: Finished Test Case: TC_UI_030 - Status: PASSED (30ms)

[2026-07-19T18:20:25.080Z] INFO: Starting Test Case: TC_UI_031 - UI Validation validation check - Scenario 31 [Priority: CRITICAL]
[2026-07-19T18:20:25.086Z] INFO: Finished Test Case: TC_UI_031 - Status: PASSED (6ms)

[2026-07-19T18:20:25.087Z] INFO: Starting Test Case: TC_UI_032 - UI Validation validation check - Scenario 32 [Priority: HIGH]
[2026-07-19T18:20:25.111Z] INFO: Finished Test Case: TC_UI_032 - Status: PASSED (25ms)

[2026-07-19T18:20:25.111Z] INFO: Starting Test Case: TC_UI_033 - UI Validation validation check - Scenario 33 [Priority: HIGH]
[2026-07-19T18:20:25.119Z] INFO: Finished Test Case: TC_UI_033 - Status: PASSED (8ms)

[2026-07-19T18:20:25.119Z] INFO: Starting Test Case: TC_UI_034 - UI Validation validation check - Scenario 34 [Priority: LOW]
[2026-07-19T18:20:25.161Z] INFO: Finished Test Case: TC_UI_034 - Status: PASSED (42ms)

[2026-07-19T18:20:25.161Z] INFO: Starting Test Case: TC_UI_035 - UI Validation validation check - Scenario 35 [Priority: MEDIUM]
[2026-07-19T18:20:25.183Z] INFO: Finished Test Case: TC_UI_035 - Status: PASSED (22ms)

[2026-07-19T18:20:25.183Z] INFO: Starting Test Case: TC_UI_036 - UI Validation validation check - Scenario 36 [Priority: CRITICAL]
[2026-07-19T18:20:25.212Z] INFO: Finished Test Case: TC_UI_036 - Status: PASSED (29ms)

[2026-07-19T18:20:25.212Z] INFO: Starting Test Case: TC_UI_037 - UI Validation validation check - Scenario 37 [Priority: HIGH]
[2026-07-19T18:20:25.260Z] INFO: Finished Test Case: TC_UI_037 - Status: PASSED (48ms)

[2026-07-19T18:20:25.261Z] INFO: Starting Test Case: TC_UI_038 - UI Validation validation check - Scenario 38 [Priority: HIGH]
[2026-07-19T18:20:25.293Z] INFO: Finished Test Case: TC_UI_038 - Status: PASSED (32ms)

[2026-07-19T18:20:25.293Z] INFO: Starting Test Case: TC_UI_039 - UI Validation validation check - Scenario 39 [Priority: LOW]
[2026-07-19T18:20:25.325Z] INFO: Finished Test Case: TC_UI_039 - Status: PASSED (32ms)

[2026-07-19T18:20:25.325Z] INFO: Starting Test Case: TC_UI_040 - UI Validation validation check - Scenario 40 [Priority: MEDIUM]
[2026-07-19T18:20:25.372Z] INFO: Finished Test Case: TC_UI_040 - Status: PASSED (47ms)

[2026-07-19T18:20:25.373Z] INFO: Starting Test Case: TC_UI_041 - UI Validation validation check - Scenario 41 [Priority: CRITICAL]
[2026-07-19T18:20:25.403Z] INFO: Finished Test Case: TC_UI_041 - Status: PASSED (30ms)

[2026-07-19T18:20:25.403Z] INFO: Starting Test Case: TC_UI_042 - UI Validation validation check - Scenario 42 [Priority: HIGH]
[2026-07-19T18:20:25.449Z] INFO: Finished Test Case: TC_UI_042 - Status: PASSED (46ms)

[2026-07-19T18:20:25.449Z] INFO: Starting Test Case: TC_UI_043 - UI Validation validation check - Scenario 43 [Priority: HIGH]
[2026-07-19T18:20:25.498Z] INFO: Finished Test Case: TC_UI_043 - Status: PASSED (48ms)

[2026-07-19T18:20:25.498Z] INFO: Starting Test Case: TC_UI_044 - UI Validation validation check - Scenario 44 [Priority: LOW]
[2026-07-19T18:20:25.543Z] INFO: Finished Test Case: TC_UI_044 - Status: PASSED (45ms)

[2026-07-19T18:20:25.543Z] INFO: Starting Test Case: TC_UI_045 - UI Validation validation check - Scenario 45 [Priority: MEDIUM]
[2026-07-19T18:20:25.580Z] INFO: Finished Test Case: TC_UI_045 - Status: PASSED (37ms)

[2026-07-19T18:20:25.580Z] INFO: Starting Test Case: TC_UI_046 - UI Validation validation check - Scenario 46 [Priority: CRITICAL]
[2026-07-19T18:20:25.597Z] INFO: Finished Test Case: TC_UI_046 - Status: PASSED (17ms)

[2026-07-19T18:20:25.597Z] INFO: Starting Test Case: TC_UI_047 - UI Validation validation check - Scenario 47 [Priority: HIGH]
[2026-07-19T18:20:25.639Z] INFO: Finished Test Case: TC_UI_047 - Status: PASSED (42ms)

[2026-07-19T18:20:25.639Z] INFO: Starting Test Case: TC_UI_048 - UI Validation validation check - Scenario 48 [Priority: HIGH]
[2026-07-19T18:20:25.670Z] INFO: Finished Test Case: TC_UI_048 - Status: PASSED (31ms)

[2026-07-19T18:20:25.670Z] INFO: Starting Test Case: TC_UI_049 - UI Validation validation check - Scenario 49 [Priority: LOW]
[2026-07-19T18:20:25.716Z] INFO: Finished Test Case: TC_UI_049 - Status: PASSED (46ms)

[2026-07-19T18:20:25.716Z] INFO: Starting Test Case: TC_UI_050 - UI Validation validation check - Scenario 50 [Priority: MEDIUM]
[2026-07-19T18:20:25.737Z] INFO: Finished Test Case: TC_UI_050 - Status: PASSED (21ms)

[2026-07-19T18:20:25.737Z] INFO: Starting Test Case: TC_FORM_001 - Forms validation check - Scenario 1 [Priority: CRITICAL]
[2026-07-19T18:20:25.776Z] INFO: Finished Test Case: TC_FORM_001 - Status: PASSED (39ms)

[2026-07-19T18:20:25.777Z] INFO: Starting Test Case: TC_FORM_002 - Forms validation check - Scenario 2 [Priority: HIGH]
[2026-07-19T18:20:25.813Z] INFO: Finished Test Case: TC_FORM_002 - Status: PASSED (36ms)

[2026-07-19T18:20:25.813Z] INFO: Starting Test Case: TC_FORM_003 - Forms validation check - Scenario 3 [Priority: HIGH]
[2026-07-19T18:20:25.840Z] INFO: Finished Test Case: TC_FORM_003 - Status: PASSED (27ms)

[2026-07-19T18:20:25.840Z] INFO: Starting Test Case: TC_FORM_004 - Forms validation check - Scenario 4 [Priority: LOW]
[2026-07-19T18:20:25.875Z] INFO: Finished Test Case: TC_FORM_004 - Status: PASSED (35ms)

[2026-07-19T18:20:25.876Z] INFO: Starting Test Case: TC_FORM_005 - Forms validation check - Scenario 5 [Priority: MEDIUM]
[2026-07-19T18:20:25.894Z] INFO: Finished Test Case: TC_FORM_005 - Status: PASSED (18ms)

[2026-07-19T18:20:25.894Z] INFO: Starting Test Case: TC_FORM_006 - Forms validation check - Scenario 6 [Priority: CRITICAL]
[2026-07-19T18:20:25.942Z] INFO: Finished Test Case: TC_FORM_006 - Status: PASSED (48ms)

[2026-07-19T18:20:25.942Z] INFO: Starting Test Case: TC_FORM_007 - Forms validation check - Scenario 7 [Priority: HIGH]
[2026-07-19T18:20:25.970Z] INFO: Finished Test Case: TC_FORM_007 - Status: PASSED (27ms)

[2026-07-19T18:20:25.970Z] INFO: Starting Test Case: TC_FORM_008 - Forms validation check - Scenario 8 [Priority: HIGH]
[2026-07-19T18:20:25.970Z] INFO: Running E2E: Mandatory Field Validation...
[2026-07-19T18:20:25.970Z] INFO: Finished Test Case: TC_FORM_008 - Status: PASSED (0ms)

[2026-07-19T18:20:25.970Z] INFO: Starting Test Case: TC_FORM_009 - Forms validation check - Scenario 9 [Priority: LOW]
[2026-07-19T18:20:25.996Z] INFO: Finished Test Case: TC_FORM_009 - Status: PASSED (26ms)

[2026-07-19T18:20:25.996Z] INFO: Starting Test Case: TC_FORM_010 - Forms validation check - Scenario 10 [Priority: MEDIUM]
[2026-07-19T18:20:26.022Z] INFO: Finished Test Case: TC_FORM_010 - Status: PASSED (26ms)

[2026-07-19T18:20:26.022Z] INFO: Starting Test Case: TC_FORM_011 - Forms validation check - Scenario 11 [Priority: CRITICAL]
[2026-07-19T18:20:26.029Z] INFO: Finished Test Case: TC_FORM_011 - Status: PASSED (7ms)

[2026-07-19T18:20:26.029Z] INFO: Starting Test Case: TC_FORM_012 - Forms validation check - Scenario 12 [Priority: HIGH]
[2026-07-19T18:20:26.051Z] INFO: Finished Test Case: TC_FORM_012 - Status: PASSED (22ms)

[2026-07-19T18:20:26.051Z] INFO: Starting Test Case: TC_FORM_013 - Forms validation check - Scenario 13 [Priority: HIGH]
[2026-07-19T18:20:26.072Z] INFO: Finished Test Case: TC_FORM_013 - Status: PASSED (21ms)

[2026-07-19T18:20:26.072Z] INFO: Starting Test Case: TC_FORM_014 - Forms validation check - Scenario 14 [Priority: LOW]
[2026-07-19T18:20:26.080Z] INFO: Finished Test Case: TC_FORM_014 - Status: PASSED (8ms)

[2026-07-19T18:20:26.080Z] INFO: Starting Test Case: TC_FORM_015 - Forms validation check - Scenario 15 [Priority: MEDIUM]
[2026-07-19T18:20:26.114Z] INFO: Finished Test Case: TC_FORM_015 - Status: PASSED (34ms)

[2026-07-19T18:20:26.114Z] INFO: Starting Test Case: TC_FORM_016 - Forms validation check - Scenario 16 [Priority: CRITICAL]
[2026-07-19T18:20:26.125Z] INFO: Finished Test Case: TC_FORM_016 - Status: PASSED (11ms)

[2026-07-19T18:20:26.125Z] INFO: Starting Test Case: TC_FORM_017 - Forms validation check - Scenario 17 [Priority: HIGH]
[2026-07-19T18:20:26.155Z] INFO: Finished Test Case: TC_FORM_017 - Status: PASSED (30ms)

[2026-07-19T18:20:26.155Z] INFO: Starting Test Case: TC_FORM_018 - Forms validation check - Scenario 18 [Priority: HIGH]
[2026-07-19T18:20:26.173Z] INFO: Finished Test Case: TC_FORM_018 - Status: PASSED (18ms)

[2026-07-19T18:20:26.173Z] INFO: Starting Test Case: TC_FORM_019 - Forms validation check - Scenario 19 [Priority: LOW]
[2026-07-19T18:20:26.189Z] INFO: Finished Test Case: TC_FORM_019 - Status: PASSED (16ms)

[2026-07-19T18:20:26.189Z] INFO: Starting Test Case: TC_FORM_020 - Forms validation check - Scenario 20 [Priority: MEDIUM]
[2026-07-19T18:20:26.212Z] INFO: Finished Test Case: TC_FORM_020 - Status: PASSED (23ms)

[2026-07-19T18:20:26.212Z] INFO: Starting Test Case: TC_FORM_021 - Forms validation check - Scenario 21 [Priority: CRITICAL]
[2026-07-19T18:20:26.239Z] INFO: Finished Test Case: TC_FORM_021 - Status: PASSED (27ms)

[2026-07-19T18:20:26.239Z] INFO: Starting Test Case: TC_FORM_022 - Forms validation check - Scenario 22 [Priority: HIGH]
[2026-07-19T18:20:26.255Z] INFO: Finished Test Case: TC_FORM_022 - Status: PASSED (16ms)

[2026-07-19T18:20:26.255Z] INFO: Starting Test Case: TC_FORM_023 - Forms validation check - Scenario 23 [Priority: HIGH]
[2026-07-19T18:20:26.301Z] INFO: Finished Test Case: TC_FORM_023 - Status: PASSED (46ms)

[2026-07-19T18:20:26.301Z] INFO: Starting Test Case: TC_FORM_024 - Forms validation check - Scenario 24 [Priority: LOW]
[2026-07-19T18:20:26.312Z] INFO: Finished Test Case: TC_FORM_024 - Status: PASSED (11ms)

[2026-07-19T18:20:26.312Z] INFO: Starting Test Case: TC_FORM_025 - Forms validation check - Scenario 25 [Priority: MEDIUM]
[2026-07-19T18:20:26.335Z] INFO: Finished Test Case: TC_FORM_025 - Status: PASSED (23ms)

[2026-07-19T18:20:26.335Z] INFO: Starting Test Case: TC_FORM_026 - Forms validation check - Scenario 26 [Priority: CRITICAL]
[2026-07-19T18:20:26.362Z] INFO: Finished Test Case: TC_FORM_026 - Status: PASSED (27ms)

[2026-07-19T18:20:26.362Z] INFO: Starting Test Case: TC_FORM_027 - Forms validation check - Scenario 27 [Priority: HIGH]
[2026-07-19T18:20:26.402Z] INFO: Finished Test Case: TC_FORM_027 - Status: PASSED (40ms)

[2026-07-19T18:20:26.402Z] INFO: Starting Test Case: TC_FORM_028 - Forms validation check - Scenario 28 [Priority: HIGH]
[2026-07-19T18:20:26.429Z] INFO: Finished Test Case: TC_FORM_028 - Status: PASSED (27ms)

[2026-07-19T18:20:26.429Z] INFO: Starting Test Case: TC_FORM_029 - Forms validation check - Scenario 29 [Priority: LOW]
[2026-07-19T18:20:26.438Z] INFO: Finished Test Case: TC_FORM_029 - Status: PASSED (9ms)

[2026-07-19T18:20:26.438Z] INFO: Starting Test Case: TC_FORM_030 - Forms validation check - Scenario 30 [Priority: MEDIUM]
[2026-07-19T18:20:26.451Z] INFO: Finished Test Case: TC_FORM_030 - Status: PASSED (13ms)

[2026-07-19T18:20:26.451Z] INFO: Starting Test Case: TC_FORM_031 - Forms validation check - Scenario 31 [Priority: CRITICAL]
[2026-07-19T18:20:26.488Z] INFO: Finished Test Case: TC_FORM_031 - Status: PASSED (37ms)

[2026-07-19T18:20:26.488Z] INFO: Starting Test Case: TC_FORM_032 - Forms validation check - Scenario 32 [Priority: HIGH]
[2026-07-19T18:20:26.536Z] INFO: Finished Test Case: TC_FORM_032 - Status: PASSED (48ms)

[2026-07-19T18:20:26.536Z] INFO: Starting Test Case: TC_FORM_033 - Forms validation check - Scenario 33 [Priority: HIGH]
[2026-07-19T18:20:26.567Z] INFO: Finished Test Case: TC_FORM_033 - Status: PASSED (31ms)

[2026-07-19T18:20:26.567Z] INFO: Starting Test Case: TC_FORM_034 - Forms validation check - Scenario 34 [Priority: LOW]
[2026-07-19T18:20:26.596Z] INFO: Finished Test Case: TC_FORM_034 - Status: PASSED (29ms)

[2026-07-19T18:20:26.597Z] INFO: Starting Test Case: TC_FORM_035 - Forms validation check - Scenario 35 [Priority: MEDIUM]
[2026-07-19T18:20:26.605Z] INFO: Finished Test Case: TC_FORM_035 - Status: PASSED (9ms)

[2026-07-19T18:20:26.605Z] INFO: Starting Test Case: TC_FORM_036 - Forms validation check - Scenario 36 [Priority: CRITICAL]
[2026-07-19T18:20:26.627Z] INFO: Finished Test Case: TC_FORM_036 - Status: PASSED (22ms)

[2026-07-19T18:20:26.627Z] INFO: Starting Test Case: TC_FORM_037 - Forms validation check - Scenario 37 [Priority: HIGH]
[2026-07-19T18:20:26.672Z] INFO: Finished Test Case: TC_FORM_037 - Status: PASSED (45ms)

[2026-07-19T18:20:26.672Z] INFO: Starting Test Case: TC_FORM_038 - Forms validation check - Scenario 38 [Priority: HIGH]
[2026-07-19T18:20:26.720Z] INFO: Finished Test Case: TC_FORM_038 - Status: PASSED (48ms)

[2026-07-19T18:20:26.720Z] INFO: Starting Test Case: TC_FORM_039 - Forms validation check - Scenario 39 [Priority: LOW]
[2026-07-19T18:20:26.739Z] INFO: Finished Test Case: TC_FORM_039 - Status: PASSED (19ms)

[2026-07-19T18:20:26.739Z] INFO: Starting Test Case: TC_FORM_040 - Forms validation check - Scenario 40 [Priority: MEDIUM]
[2026-07-19T18:20:26.776Z] INFO: Finished Test Case: TC_FORM_040 - Status: PASSED (37ms)

[2026-07-19T18:20:26.777Z] INFO: Starting Test Case: TC_FORM_041 - Forms validation check - Scenario 41 [Priority: CRITICAL]
[2026-07-19T18:20:26.805Z] INFO: Finished Test Case: TC_FORM_041 - Status: PASSED (28ms)

[2026-07-19T18:20:26.805Z] INFO: Starting Test Case: TC_FORM_042 - Forms validation check - Scenario 42 [Priority: HIGH]
[2026-07-19T18:20:26.846Z] INFO: Finished Test Case: TC_FORM_042 - Status: PASSED (41ms)

[2026-07-19T18:20:26.846Z] INFO: Starting Test Case: TC_FORM_043 - Forms validation check - Scenario 43 [Priority: HIGH]
[2026-07-19T18:20:26.888Z] INFO: Finished Test Case: TC_FORM_043 - Status: PASSED (42ms)

[2026-07-19T18:20:26.889Z] INFO: Starting Test Case: TC_FORM_044 - Forms validation check - Scenario 44 [Priority: LOW]
[2026-07-19T18:20:26.921Z] INFO: Finished Test Case: TC_FORM_044 - Status: PASSED (32ms)

[2026-07-19T18:20:26.921Z] INFO: Starting Test Case: TC_FORM_045 - Forms validation check - Scenario 45 [Priority: MEDIUM]
[2026-07-19T18:20:26.938Z] INFO: Finished Test Case: TC_FORM_045 - Status: PASSED (17ms)

[2026-07-19T18:20:26.938Z] INFO: Starting Test Case: TC_FORM_046 - Forms validation check - Scenario 46 [Priority: CRITICAL]
[2026-07-19T18:20:26.955Z] INFO: Finished Test Case: TC_FORM_046 - Status: PASSED (16ms)

[2026-07-19T18:20:26.955Z] INFO: Starting Test Case: TC_FORM_047 - Forms validation check - Scenario 47 [Priority: HIGH]
[2026-07-19T18:20:26.988Z] INFO: Finished Test Case: TC_FORM_047 - Status: PASSED (33ms)

[2026-07-19T18:20:26.988Z] INFO: Starting Test Case: TC_FORM_048 - Forms validation check - Scenario 48 [Priority: HIGH]
[2026-07-19T18:20:27.020Z] INFO: Finished Test Case: TC_FORM_048 - Status: PASSED (32ms)

[2026-07-19T18:20:27.020Z] INFO: Starting Test Case: TC_FORM_049 - Forms validation check - Scenario 49 [Priority: LOW]
[2026-07-19T18:20:27.069Z] INFO: Finished Test Case: TC_FORM_049 - Status: PASSED (49ms)

[2026-07-19T18:20:27.069Z] INFO: Starting Test Case: TC_FORM_050 - Forms validation check - Scenario 50 [Priority: MEDIUM]
[2026-07-19T18:20:27.093Z] INFO: Finished Test Case: TC_FORM_050 - Status: PASSED (24ms)

[2026-07-19T18:20:27.093Z] INFO: Starting Test Case: TC_CRUD_001 - CRUD Operations validation check - Scenario 1 [Priority: CRITICAL]
[2026-07-19T18:20:27.132Z] INFO: Finished Test Case: TC_CRUD_001 - Status: PASSED (39ms)

[2026-07-19T18:20:27.132Z] INFO: Starting Test Case: TC_CRUD_002 - CRUD Operations validation check - Scenario 2 [Priority: HIGH]
[2026-07-19T18:20:27.142Z] INFO: Finished Test Case: TC_CRUD_002 - Status: PASSED (10ms)

[2026-07-19T18:20:27.142Z] INFO: Starting Test Case: TC_CRUD_003 - CRUD Operations validation check - Scenario 3 [Priority: HIGH]
[2026-07-19T18:20:27.184Z] INFO: Finished Test Case: TC_CRUD_003 - Status: PASSED (42ms)

[2026-07-19T18:20:27.184Z] INFO: Starting Test Case: TC_CRUD_004 - CRUD Operations validation check - Scenario 4 [Priority: LOW]
[2026-07-19T18:20:27.204Z] INFO: Finished Test Case: TC_CRUD_004 - Status: PASSED (20ms)

[2026-07-19T18:20:27.204Z] INFO: Starting Test Case: TC_CRUD_005 - CRUD Operations validation check - Scenario 5 [Priority: MEDIUM]
[2026-07-19T18:20:27.205Z] INFO: Running E2E: Update Profile...
[2026-07-19T18:20:27.205Z] INFO: Tapping on element: Profile Tab (a[href$="/profile"])
[2026-07-19T18:20:32.220Z] ERROR: Failure during real E2E execution of TC_CRUD_005: element ("a[href$="/profile"]") still not displayed after 5000ms
[2026-07-19T18:20:32.220Z] INFO: Finished Test Case: TC_CRUD_005 - Status: FAILED (5016ms)

[2026-07-19T18:20:32.220Z] INFO: Starting Test Case: TC_CRUD_006 - CRUD Operations validation check - Scenario 6 [Priority: CRITICAL]
[2026-07-19T18:20:32.233Z] INFO: Finished Test Case: TC_CRUD_006 - Status: PASSED (13ms)

[2026-07-19T18:20:32.233Z] INFO: Starting Test Case: TC_CRUD_007 - CRUD Operations validation check - Scenario 7 [Priority: HIGH]
[2026-07-19T18:20:32.245Z] INFO: Finished Test Case: TC_CRUD_007 - Status: PASSED (12ms)

[2026-07-19T18:20:32.245Z] INFO: Starting Test Case: TC_CRUD_008 - CRUD Operations validation check - Scenario 8 [Priority: HIGH]
[2026-07-19T18:20:32.265Z] INFO: Finished Test Case: TC_CRUD_008 - Status: PASSED (20ms)

[2026-07-19T18:20:32.265Z] INFO: Starting Test Case: TC_CRUD_009 - CRUD Operations validation check - Scenario 9 [Priority: LOW]
[2026-07-19T18:20:32.287Z] INFO: Finished Test Case: TC_CRUD_009 - Status: PASSED (22ms)

[2026-07-19T18:20:32.287Z] INFO: Starting Test Case: TC_CRUD_010 - CRUD Operations validation check - Scenario 10 [Priority: MEDIUM]
[2026-07-19T18:20:32.299Z] INFO: Finished Test Case: TC_CRUD_010 - Status: PASSED (12ms)

[2026-07-19T18:20:32.299Z] INFO: Starting Test Case: TC_CRUD_011 - CRUD Operations validation check - Scenario 11 [Priority: CRITICAL]
[2026-07-19T18:20:32.329Z] INFO: Finished Test Case: TC_CRUD_011 - Status: PASSED (30ms)

[2026-07-19T18:20:32.329Z] INFO: Starting Test Case: TC_CRUD_012 - CRUD Operations validation check - Scenario 12 [Priority: HIGH]
[2026-07-19T18:20:32.338Z] INFO: Finished Test Case: TC_CRUD_012 - Status: PASSED (9ms)

[2026-07-19T18:20:32.338Z] INFO: Starting Test Case: TC_CRUD_013 - CRUD Operations validation check - Scenario 13 [Priority: HIGH]
[2026-07-19T18:20:32.372Z] INFO: Finished Test Case: TC_CRUD_013 - Status: PASSED (34ms)

[2026-07-19T18:20:32.372Z] INFO: Starting Test Case: TC_CRUD_014 - CRUD Operations validation check - Scenario 14 [Priority: LOW]
[2026-07-19T18:20:32.419Z] INFO: Finished Test Case: TC_CRUD_014 - Status: PASSED (47ms)

[2026-07-19T18:20:32.420Z] INFO: Starting Test Case: TC_CRUD_015 - CRUD Operations validation check - Scenario 15 [Priority: MEDIUM]
[2026-07-19T18:20:32.431Z] INFO: Finished Test Case: TC_CRUD_015 - Status: PASSED (11ms)

[2026-07-19T18:20:32.431Z] INFO: Starting Test Case: TC_CRUD_016 - CRUD Operations validation check - Scenario 16 [Priority: CRITICAL]
[2026-07-19T18:20:32.473Z] INFO: Finished Test Case: TC_CRUD_016 - Status: PASSED (42ms)

[2026-07-19T18:20:32.473Z] INFO: Starting Test Case: TC_CRUD_017 - CRUD Operations validation check - Scenario 17 [Priority: HIGH]
[2026-07-19T18:20:32.498Z] INFO: Finished Test Case: TC_CRUD_017 - Status: PASSED (25ms)

[2026-07-19T18:20:32.499Z] INFO: Starting Test Case: TC_CRUD_018 - CRUD Operations validation check - Scenario 18 [Priority: HIGH]
[2026-07-19T18:20:32.538Z] INFO: Finished Test Case: TC_CRUD_018 - Status: PASSED (40ms)

[2026-07-19T18:20:32.538Z] INFO: Starting Test Case: TC_CRUD_019 - CRUD Operations validation check - Scenario 19 [Priority: LOW]
[2026-07-19T18:20:32.558Z] INFO: Finished Test Case: TC_CRUD_019 - Status: PASSED (20ms)

[2026-07-19T18:20:32.558Z] INFO: Starting Test Case: TC_CRUD_020 - CRUD Operations validation check - Scenario 20 [Priority: MEDIUM]
[2026-07-19T18:20:32.584Z] INFO: Finished Test Case: TC_CRUD_020 - Status: PASSED (26ms)

[2026-07-19T18:20:32.584Z] INFO: Starting Test Case: TC_CRUD_021 - CRUD Operations validation check - Scenario 21 [Priority: CRITICAL]
[2026-07-19T18:20:32.601Z] INFO: Finished Test Case: TC_CRUD_021 - Status: PASSED (17ms)

[2026-07-19T18:20:32.601Z] INFO: Starting Test Case: TC_CRUD_022 - CRUD Operations validation check - Scenario 22 [Priority: HIGH]
[2026-07-19T18:20:32.613Z] INFO: Finished Test Case: TC_CRUD_022 - Status: PASSED (12ms)

[2026-07-19T18:20:32.613Z] INFO: Starting Test Case: TC_CRUD_023 - CRUD Operations validation check - Scenario 23 [Priority: HIGH]
[2026-07-19T18:20:32.654Z] INFO: Finished Test Case: TC_CRUD_023 - Status: PASSED (41ms)

[2026-07-19T18:20:32.654Z] INFO: Starting Test Case: TC_CRUD_024 - CRUD Operations validation check - Scenario 24 [Priority: LOW]
[2026-07-19T18:20:32.684Z] INFO: Finished Test Case: TC_CRUD_024 - Status: PASSED (30ms)

[2026-07-19T18:20:32.684Z] INFO: Starting Test Case: TC_CRUD_025 - CRUD Operations validation check - Scenario 25 [Priority: MEDIUM]
[2026-07-19T18:20:32.693Z] INFO: Finished Test Case: TC_CRUD_025 - Status: PASSED (9ms)

[2026-07-19T18:20:32.693Z] INFO: Starting Test Case: TC_CRUD_026 - CRUD Operations validation check - Scenario 26 [Priority: CRITICAL]
[2026-07-19T18:20:32.738Z] INFO: Finished Test Case: TC_CRUD_026 - Status: PASSED (45ms)

[2026-07-19T18:20:32.738Z] INFO: Starting Test Case: TC_CRUD_027 - CRUD Operations validation check - Scenario 27 [Priority: HIGH]
[2026-07-19T18:20:32.758Z] INFO: Finished Test Case: TC_CRUD_027 - Status: PASSED (20ms)

[2026-07-19T18:20:32.758Z] INFO: Starting Test Case: TC_CRUD_028 - CRUD Operations validation check - Scenario 28 [Priority: HIGH]
[2026-07-19T18:20:32.778Z] INFO: Finished Test Case: TC_CRUD_028 - Status: PASSED (20ms)

[2026-07-19T18:20:32.778Z] INFO: Starting Test Case: TC_CRUD_029 - CRUD Operations validation check - Scenario 29 [Priority: LOW]
[2026-07-19T18:20:32.783Z] INFO: Finished Test Case: TC_CRUD_029 - Status: PASSED (5ms)

[2026-07-19T18:20:32.783Z] INFO: Starting Test Case: TC_CRUD_030 - CRUD Operations validation check - Scenario 30 [Priority: MEDIUM]
[2026-07-19T18:20:32.833Z] INFO: Finished Test Case: TC_CRUD_030 - Status: PASSED (50ms)

[2026-07-19T18:20:32.833Z] INFO: Starting Test Case: TC_CRUD_031 - CRUD Operations validation check - Scenario 31 [Priority: CRITICAL]
[2026-07-19T18:20:32.862Z] INFO: Finished Test Case: TC_CRUD_031 - Status: PASSED (29ms)

[2026-07-19T18:20:32.862Z] INFO: Starting Test Case: TC_CRUD_032 - CRUD Operations validation check - Scenario 32 [Priority: HIGH]
[2026-07-19T18:20:32.894Z] INFO: Finished Test Case: TC_CRUD_032 - Status: PASSED (32ms)

[2026-07-19T18:20:32.894Z] INFO: Starting Test Case: TC_CRUD_033 - CRUD Operations validation check - Scenario 33 [Priority: HIGH]
[2026-07-19T18:20:32.944Z] INFO: Finished Test Case: TC_CRUD_033 - Status: PASSED (50ms)

[2026-07-19T18:20:32.944Z] INFO: Starting Test Case: TC_CRUD_034 - CRUD Operations validation check - Scenario 34 [Priority: LOW]
[2026-07-19T18:20:32.987Z] INFO: Finished Test Case: TC_CRUD_034 - Status: PASSED (43ms)

[2026-07-19T18:20:32.987Z] INFO: Starting Test Case: TC_CRUD_035 - CRUD Operations validation check - Scenario 35 [Priority: MEDIUM]
[2026-07-19T18:20:33.017Z] INFO: Finished Test Case: TC_CRUD_035 - Status: PASSED (30ms)

[2026-07-19T18:20:33.017Z] INFO: Starting Test Case: TC_CRUD_036 - CRUD Operations validation check - Scenario 36 [Priority: CRITICAL]
[2026-07-19T18:20:33.048Z] INFO: Finished Test Case: TC_CRUD_036 - Status: PASSED (31ms)

[2026-07-19T18:20:33.048Z] INFO: Starting Test Case: TC_CRUD_037 - CRUD Operations validation check - Scenario 37 [Priority: HIGH]
[2026-07-19T18:20:33.090Z] INFO: Finished Test Case: TC_CRUD_037 - Status: PASSED (42ms)

[2026-07-19T18:20:33.090Z] INFO: Starting Test Case: TC_CRUD_038 - CRUD Operations validation check - Scenario 38 [Priority: HIGH]
[2026-07-19T18:20:33.109Z] INFO: Finished Test Case: TC_CRUD_038 - Status: PASSED (19ms)

[2026-07-19T18:20:33.109Z] INFO: Starting Test Case: TC_CRUD_039 - CRUD Operations validation check - Scenario 39 [Priority: LOW]
[2026-07-19T18:20:33.119Z] INFO: Finished Test Case: TC_CRUD_039 - Status: PASSED (10ms)

[2026-07-19T18:20:33.119Z] INFO: Starting Test Case: TC_CRUD_040 - CRUD Operations validation check - Scenario 40 [Priority: MEDIUM]
[2026-07-19T18:20:33.158Z] INFO: Finished Test Case: TC_CRUD_040 - Status: PASSED (39ms)

[2026-07-19T18:20:33.158Z] INFO: Starting Test Case: TC_CRUD_041 - CRUD Operations validation check - Scenario 41 [Priority: CRITICAL]
[2026-07-19T18:20:33.174Z] INFO: Finished Test Case: TC_CRUD_041 - Status: PASSED (16ms)

[2026-07-19T18:20:33.174Z] INFO: Starting Test Case: TC_CRUD_042 - CRUD Operations validation check - Scenario 42 [Priority: HIGH]
[2026-07-19T18:20:33.217Z] INFO: Finished Test Case: TC_CRUD_042 - Status: PASSED (43ms)

[2026-07-19T18:20:33.217Z] INFO: Starting Test Case: TC_CRUD_043 - CRUD Operations validation check - Scenario 43 [Priority: HIGH]
[2026-07-19T18:20:33.239Z] INFO: Finished Test Case: TC_CRUD_043 - Status: PASSED (22ms)

[2026-07-19T18:20:33.239Z] INFO: Starting Test Case: TC_CRUD_044 - CRUD Operations validation check - Scenario 44 [Priority: LOW]
[2026-07-19T18:20:33.266Z] INFO: Finished Test Case: TC_CRUD_044 - Status: PASSED (27ms)

[2026-07-19T18:20:33.266Z] INFO: Starting Test Case: TC_CRUD_045 - CRUD Operations validation check - Scenario 45 [Priority: MEDIUM]
[2026-07-19T18:20:33.296Z] INFO: Finished Test Case: TC_CRUD_045 - Status: PASSED (30ms)

[2026-07-19T18:20:33.296Z] INFO: Starting Test Case: TC_CRUD_046 - CRUD Operations validation check - Scenario 46 [Priority: CRITICAL]
[2026-07-19T18:20:33.332Z] INFO: Finished Test Case: TC_CRUD_046 - Status: PASSED (36ms)

[2026-07-19T18:20:33.332Z] INFO: Starting Test Case: TC_CRUD_047 - CRUD Operations validation check - Scenario 47 [Priority: HIGH]
[2026-07-19T18:20:33.350Z] INFO: Finished Test Case: TC_CRUD_047 - Status: PASSED (18ms)

[2026-07-19T18:20:33.351Z] INFO: Starting Test Case: TC_CRUD_048 - CRUD Operations validation check - Scenario 48 [Priority: HIGH]
[2026-07-19T18:20:33.368Z] INFO: Finished Test Case: TC_CRUD_048 - Status: PASSED (17ms)

[2026-07-19T18:20:33.368Z] INFO: Starting Test Case: TC_CRUD_049 - CRUD Operations validation check - Scenario 49 [Priority: LOW]
[2026-07-19T18:20:33.390Z] INFO: Finished Test Case: TC_CRUD_049 - Status: PASSED (22ms)

[2026-07-19T18:20:33.390Z] INFO: Starting Test Case: TC_CRUD_050 - CRUD Operations validation check - Scenario 50 [Priority: MEDIUM]
[2026-07-19T18:20:33.421Z] INFO: Finished Test Case: TC_CRUD_050 - Status: PASSED (31ms)

[2026-07-19T18:20:33.421Z] INFO: Starting Test Case: TC_VALIDATION_001 - Input Validation validation check - Scenario 1 [Priority: CRITICAL]
[2026-07-19T18:20:33.453Z] INFO: Finished Test Case: TC_VALIDATION_001 - Status: PASSED (32ms)

[2026-07-19T18:20:33.453Z] INFO: Starting Test Case: TC_VALIDATION_002 - Input Validation validation check - Scenario 2 [Priority: HIGH]
[2026-07-19T18:20:33.477Z] INFO: Finished Test Case: TC_VALIDATION_002 - Status: PASSED (24ms)

[2026-07-19T18:20:33.477Z] INFO: Starting Test Case: TC_VALIDATION_003 - Input Validation validation check - Scenario 3 [Priority: HIGH]
[2026-07-19T18:20:33.488Z] INFO: Finished Test Case: TC_VALIDATION_003 - Status: PASSED (11ms)

[2026-07-19T18:20:33.488Z] INFO: Starting Test Case: TC_VALIDATION_004 - Input Validation validation check - Scenario 4 [Priority: LOW]
[2026-07-19T18:20:33.527Z] INFO: Finished Test Case: TC_VALIDATION_004 - Status: PASSED (39ms)

[2026-07-19T18:20:33.527Z] INFO: Starting Test Case: TC_VALIDATION_005 - Input Validation validation check - Scenario 5 [Priority: MEDIUM]
[2026-07-19T18:20:33.564Z] INFO: Finished Test Case: TC_VALIDATION_005 - Status: PASSED (37ms)

[2026-07-19T18:20:33.564Z] INFO: Starting Test Case: TC_VALIDATION_006 - Input Validation validation check - Scenario 6 [Priority: CRITICAL]
[2026-07-19T18:20:33.584Z] INFO: Finished Test Case: TC_VALIDATION_006 - Status: PASSED (20ms)

[2026-07-19T18:20:33.584Z] INFO: Starting Test Case: TC_VALIDATION_007 - Input Validation validation check - Scenario 7 [Priority: HIGH]
[2026-07-19T18:20:33.629Z] INFO: Finished Test Case: TC_VALIDATION_007 - Status: PASSED (45ms)

[2026-07-19T18:20:33.629Z] INFO: Starting Test Case: TC_VALIDATION_008 - Input Validation validation check - Scenario 8 [Priority: HIGH]
[2026-07-19T18:20:33.634Z] INFO: Finished Test Case: TC_VALIDATION_008 - Status: PASSED (5ms)

[2026-07-19T18:20:33.634Z] INFO: Starting Test Case: TC_VALIDATION_009 - Input Validation validation check - Scenario 9 [Priority: LOW]
[2026-07-19T18:20:33.672Z] INFO: Finished Test Case: TC_VALIDATION_009 - Status: PASSED (38ms)

[2026-07-19T18:20:33.672Z] INFO: Starting Test Case: TC_VALIDATION_010 - Input Validation validation check - Scenario 10 [Priority: MEDIUM]
[2026-07-19T18:20:33.694Z] INFO: Finished Test Case: TC_VALIDATION_010 - Status: PASSED (22ms)

[2026-07-19T18:20:33.694Z] INFO: Starting Test Case: TC_VALIDATION_011 - Input Validation validation check - Scenario 11 [Priority: CRITICAL]
[2026-07-19T18:20:33.737Z] INFO: Finished Test Case: TC_VALIDATION_011 - Status: PASSED (43ms)

[2026-07-19T18:20:33.737Z] INFO: Starting Test Case: TC_VALIDATION_012 - Input Validation validation check - Scenario 12 [Priority: HIGH]
[2026-07-19T18:20:33.767Z] INFO: Finished Test Case: TC_VALIDATION_012 - Status: PASSED (30ms)

[2026-07-19T18:20:33.767Z] INFO: Starting Test Case: TC_VALIDATION_013 - Input Validation validation check - Scenario 13 [Priority: HIGH]
[2026-07-19T18:20:33.792Z] INFO: Finished Test Case: TC_VALIDATION_013 - Status: PASSED (25ms)

[2026-07-19T18:20:33.792Z] INFO: Starting Test Case: TC_VALIDATION_014 - Input Validation validation check - Scenario 14 [Priority: LOW]
[2026-07-19T18:20:33.827Z] INFO: Finished Test Case: TC_VALIDATION_014 - Status: PASSED (35ms)

[2026-07-19T18:20:33.828Z] INFO: Starting Test Case: TC_VALIDATION_015 - Input Validation validation check - Scenario 15 [Priority: MEDIUM]
[2026-07-19T18:20:33.848Z] INFO: Finished Test Case: TC_VALIDATION_015 - Status: PASSED (20ms)

[2026-07-19T18:20:33.848Z] INFO: Starting Test Case: TC_VALIDATION_016 - Input Validation validation check - Scenario 16 [Priority: CRITICAL]
[2026-07-19T18:20:33.888Z] INFO: Finished Test Case: TC_VALIDATION_016 - Status: PASSED (40ms)

[2026-07-19T18:20:33.888Z] INFO: Starting Test Case: TC_VALIDATION_017 - Input Validation validation check - Scenario 17 [Priority: HIGH]
[2026-07-19T18:20:33.920Z] INFO: Finished Test Case: TC_VALIDATION_017 - Status: PASSED (32ms)

[2026-07-19T18:20:33.921Z] INFO: Starting Test Case: TC_VALIDATION_018 - Input Validation validation check - Scenario 18 [Priority: HIGH]
[2026-07-19T18:20:33.963Z] INFO: Finished Test Case: TC_VALIDATION_018 - Status: PASSED (42ms)

[2026-07-19T18:20:33.963Z] INFO: Starting Test Case: TC_VALIDATION_019 - Input Validation validation check - Scenario 19 [Priority: LOW]
[2026-07-19T18:20:33.995Z] INFO: Finished Test Case: TC_VALIDATION_019 - Status: PASSED (32ms)

[2026-07-19T18:20:33.995Z] INFO: Starting Test Case: TC_VALIDATION_020 - Input Validation validation check - Scenario 20 [Priority: MEDIUM]
[2026-07-19T18:20:34.008Z] INFO: Finished Test Case: TC_VALIDATION_020 - Status: PASSED (13ms)

[2026-07-19T18:20:34.008Z] INFO: Starting Test Case: TC_VALIDATION_021 - Input Validation validation check - Scenario 21 [Priority: CRITICAL]
[2026-07-19T18:20:34.047Z] INFO: Finished Test Case: TC_VALIDATION_021 - Status: PASSED (39ms)

[2026-07-19T18:20:34.047Z] INFO: Starting Test Case: TC_VALIDATION_022 - Input Validation validation check - Scenario 22 [Priority: HIGH]
[2026-07-19T18:20:34.056Z] INFO: Finished Test Case: TC_VALIDATION_022 - Status: PASSED (9ms)

[2026-07-19T18:20:34.056Z] INFO: Starting Test Case: TC_VALIDATION_023 - Input Validation validation check - Scenario 23 [Priority: HIGH]
[2026-07-19T18:20:34.078Z] INFO: Finished Test Case: TC_VALIDATION_023 - Status: PASSED (22ms)

[2026-07-19T18:20:34.078Z] INFO: Starting Test Case: TC_VALIDATION_024 - Input Validation validation check - Scenario 24 [Priority: LOW]
[2026-07-19T18:20:34.089Z] INFO: Finished Test Case: TC_VALIDATION_024 - Status: PASSED (11ms)

[2026-07-19T18:20:34.089Z] INFO: Starting Test Case: TC_VALIDATION_025 - Input Validation validation check - Scenario 25 [Priority: MEDIUM]
[2026-07-19T18:20:34.122Z] INFO: Finished Test Case: TC_VALIDATION_025 - Status: PASSED (33ms)

[2026-07-19T18:20:34.122Z] INFO: Starting Test Case: TC_VALIDATION_026 - Input Validation validation check - Scenario 26 [Priority: CRITICAL]
[2026-07-19T18:20:34.150Z] INFO: Finished Test Case: TC_VALIDATION_026 - Status: PASSED (28ms)

[2026-07-19T18:20:34.150Z] INFO: Starting Test Case: TC_VALIDATION_027 - Input Validation validation check - Scenario 27 [Priority: HIGH]
[2026-07-19T18:20:34.169Z] INFO: Finished Test Case: TC_VALIDATION_027 - Status: PASSED (19ms)

[2026-07-19T18:20:34.169Z] INFO: Starting Test Case: TC_VALIDATION_028 - Input Validation validation check - Scenario 28 [Priority: HIGH]
[2026-07-19T18:20:34.210Z] INFO: Finished Test Case: TC_VALIDATION_028 - Status: PASSED (41ms)

[2026-07-19T18:20:34.210Z] INFO: Starting Test Case: TC_VALIDATION_029 - Input Validation validation check - Scenario 29 [Priority: LOW]
[2026-07-19T18:20:34.260Z] INFO: Finished Test Case: TC_VALIDATION_029 - Status: PASSED (50ms)

[2026-07-19T18:20:34.260Z] INFO: Starting Test Case: TC_VALIDATION_030 - Input Validation validation check - Scenario 30 [Priority: MEDIUM]
[2026-07-19T18:20:34.296Z] INFO: Finished Test Case: TC_VALIDATION_030 - Status: PASSED (36ms)

[2026-07-19T18:20:34.296Z] INFO: Starting Test Case: TC_VALIDATION_031 - Input Validation validation check - Scenario 31 [Priority: CRITICAL]
[2026-07-19T18:20:34.312Z] INFO: Finished Test Case: TC_VALIDATION_031 - Status: PASSED (16ms)

[2026-07-19T18:20:34.312Z] INFO: Starting Test Case: TC_VALIDATION_032 - Input Validation validation check - Scenario 32 [Priority: HIGH]
[2026-07-19T18:20:34.330Z] INFO: Finished Test Case: TC_VALIDATION_032 - Status: PASSED (18ms)

[2026-07-19T18:20:34.330Z] INFO: Starting Test Case: TC_VALIDATION_033 - Input Validation validation check - Scenario 33 [Priority: HIGH]
[2026-07-19T18:20:34.359Z] INFO: Finished Test Case: TC_VALIDATION_033 - Status: PASSED (29ms)

[2026-07-19T18:20:34.359Z] INFO: Starting Test Case: TC_VALIDATION_034 - Input Validation validation check - Scenario 34 [Priority: LOW]
[2026-07-19T18:20:34.406Z] INFO: Finished Test Case: TC_VALIDATION_034 - Status: PASSED (47ms)

[2026-07-19T18:20:34.406Z] INFO: Starting Test Case: TC_VALIDATION_035 - Input Validation validation check - Scenario 35 [Priority: MEDIUM]
[2026-07-19T18:20:34.412Z] INFO: Finished Test Case: TC_VALIDATION_035 - Status: PASSED (6ms)

[2026-07-19T18:20:34.412Z] INFO: Starting Test Case: TC_VALIDATION_036 - Input Validation validation check - Scenario 36 [Priority: CRITICAL]
[2026-07-19T18:20:34.455Z] INFO: Finished Test Case: TC_VALIDATION_036 - Status: PASSED (43ms)

[2026-07-19T18:20:34.455Z] INFO: Starting Test Case: TC_VALIDATION_037 - Input Validation validation check - Scenario 37 [Priority: HIGH]
[2026-07-19T18:20:34.505Z] INFO: Finished Test Case: TC_VALIDATION_037 - Status: PASSED (50ms)

[2026-07-19T18:20:34.505Z] INFO: Starting Test Case: TC_VALIDATION_038 - Input Validation validation check - Scenario 38 [Priority: HIGH]
[2026-07-19T18:20:34.522Z] INFO: Finished Test Case: TC_VALIDATION_038 - Status: PASSED (17ms)

[2026-07-19T18:20:34.522Z] INFO: Starting Test Case: TC_VALIDATION_039 - Input Validation validation check - Scenario 39 [Priority: LOW]
[2026-07-19T18:20:34.549Z] INFO: Finished Test Case: TC_VALIDATION_039 - Status: PASSED (27ms)

[2026-07-19T18:20:34.550Z] INFO: Starting Test Case: TC_VALIDATION_040 - Input Validation validation check - Scenario 40 [Priority: MEDIUM]
[2026-07-19T18:20:34.573Z] INFO: Finished Test Case: TC_VALIDATION_040 - Status: PASSED (23ms)

[2026-07-19T18:20:34.573Z] INFO: Starting Test Case: TC_ERROR_001 - Error Handling validation check - Scenario 1 [Priority: CRITICAL]
[2026-07-19T18:20:34.587Z] INFO: Finished Test Case: TC_ERROR_001 - Status: PASSED (14ms)

[2026-07-19T18:20:34.587Z] INFO: Starting Test Case: TC_ERROR_002 - Error Handling validation check - Scenario 2 [Priority: HIGH]
[2026-07-19T18:20:34.634Z] INFO: Finished Test Case: TC_ERROR_002 - Status: PASSED (47ms)

[2026-07-19T18:20:34.635Z] INFO: Starting Test Case: TC_ERROR_003 - Error Handling validation check - Scenario 3 [Priority: HIGH]
[2026-07-19T18:20:34.661Z] INFO: Finished Test Case: TC_ERROR_003 - Status: PASSED (26ms)

[2026-07-19T18:20:34.661Z] INFO: Starting Test Case: TC_ERROR_004 - Error Handling validation check - Scenario 4 [Priority: LOW]
[2026-07-19T18:20:34.706Z] INFO: Finished Test Case: TC_ERROR_004 - Status: PASSED (45ms)

[2026-07-19T18:20:34.706Z] INFO: Starting Test Case: TC_ERROR_005 - Error Handling validation check - Scenario 5 [Priority: MEDIUM]
[2026-07-19T18:20:34.742Z] INFO: Finished Test Case: TC_ERROR_005 - Status: PASSED (36ms)

[2026-07-19T18:20:34.742Z] INFO: Starting Test Case: TC_ERROR_006 - Error Handling validation check - Scenario 6 [Priority: CRITICAL]
[2026-07-19T18:20:34.751Z] INFO: Finished Test Case: TC_ERROR_006 - Status: PASSED (9ms)

[2026-07-19T18:20:34.751Z] INFO: Starting Test Case: TC_ERROR_007 - Error Handling validation check - Scenario 7 [Priority: HIGH]
[2026-07-19T18:20:34.793Z] INFO: Finished Test Case: TC_ERROR_007 - Status: PASSED (42ms)

[2026-07-19T18:20:34.793Z] INFO: Starting Test Case: TC_ERROR_008 - Error Handling validation check - Scenario 8 [Priority: HIGH]
[2026-07-19T18:20:34.843Z] INFO: Finished Test Case: TC_ERROR_008 - Status: PASSED (50ms)

[2026-07-19T18:20:34.843Z] INFO: Starting Test Case: TC_ERROR_009 - Error Handling validation check - Scenario 9 [Priority: LOW]
[2026-07-19T18:20:34.865Z] INFO: Finished Test Case: TC_ERROR_009 - Status: PASSED (22ms)

[2026-07-19T18:20:34.865Z] INFO: Starting Test Case: TC_ERROR_010 - Error Handling validation check - Scenario 10 [Priority: MEDIUM]
[2026-07-19T18:20:34.886Z] INFO: Finished Test Case: TC_ERROR_010 - Status: PASSED (21ms)

[2026-07-19T18:20:34.886Z] INFO: Starting Test Case: TC_ERROR_011 - Error Handling validation check - Scenario 11 [Priority: CRITICAL]
[2026-07-19T18:20:34.893Z] INFO: Finished Test Case: TC_ERROR_011 - Status: PASSED (7ms)

[2026-07-19T18:20:34.893Z] INFO: Starting Test Case: TC_ERROR_012 - Error Handling validation check - Scenario 12 [Priority: HIGH]
[2026-07-19T18:20:34.942Z] INFO: Finished Test Case: TC_ERROR_012 - Status: PASSED (49ms)

[2026-07-19T18:20:34.942Z] INFO: Starting Test Case: TC_ERROR_013 - Error Handling validation check - Scenario 13 [Priority: HIGH]
[2026-07-19T18:20:34.977Z] INFO: Finished Test Case: TC_ERROR_013 - Status: PASSED (35ms)

[2026-07-19T18:20:34.977Z] INFO: Starting Test Case: TC_ERROR_014 - Error Handling validation check - Scenario 14 [Priority: LOW]
[2026-07-19T18:20:35.011Z] INFO: Finished Test Case: TC_ERROR_014 - Status: PASSED (34ms)

[2026-07-19T18:20:35.011Z] INFO: Starting Test Case: TC_ERROR_015 - Error Handling validation check - Scenario 15 [Priority: MEDIUM]
[2026-07-19T18:20:35.038Z] INFO: Finished Test Case: TC_ERROR_015 - Status: PASSED (27ms)

[2026-07-19T18:20:35.038Z] INFO: Starting Test Case: TC_ERROR_016 - Error Handling validation check - Scenario 16 [Priority: CRITICAL]
[2026-07-19T18:20:35.073Z] INFO: Finished Test Case: TC_ERROR_016 - Status: PASSED (35ms)

[2026-07-19T18:20:35.073Z] INFO: Starting Test Case: TC_ERROR_017 - Error Handling validation check - Scenario 17 [Priority: HIGH]
[2026-07-19T18:20:35.103Z] INFO: Finished Test Case: TC_ERROR_017 - Status: PASSED (30ms)

[2026-07-19T18:20:35.103Z] INFO: Starting Test Case: TC_ERROR_018 - Error Handling validation check - Scenario 18 [Priority: HIGH]
[2026-07-19T18:20:35.136Z] INFO: Finished Test Case: TC_ERROR_018 - Status: PASSED (33ms)

[2026-07-19T18:20:35.136Z] INFO: Starting Test Case: TC_ERROR_019 - Error Handling validation check - Scenario 19 [Priority: LOW]
[2026-07-19T18:20:35.160Z] INFO: Finished Test Case: TC_ERROR_019 - Status: PASSED (24ms)

[2026-07-19T18:20:35.160Z] INFO: Starting Test Case: TC_ERROR_020 - Error Handling validation check - Scenario 20 [Priority: MEDIUM]
[2026-07-19T18:20:35.197Z] INFO: Finished Test Case: TC_ERROR_020 - Status: PASSED (37ms)

[2026-07-19T18:20:35.197Z] INFO: Starting Test Case: TC_SESSION_001 - Session Management validation check - Scenario 1 [Priority: CRITICAL]
[2026-07-19T18:20:35.226Z] INFO: Finished Test Case: TC_SESSION_001 - Status: PASSED (29ms)

[2026-07-19T18:20:35.226Z] INFO: Starting Test Case: TC_SESSION_002 - Session Management validation check - Scenario 2 [Priority: HIGH]
[2026-07-19T18:20:35.253Z] INFO: Finished Test Case: TC_SESSION_002 - Status: PASSED (27ms)

[2026-07-19T18:20:35.253Z] INFO: Starting Test Case: TC_SESSION_003 - Session Management validation check - Scenario 3 [Priority: HIGH]
[2026-07-19T18:20:35.277Z] INFO: Finished Test Case: TC_SESSION_003 - Status: PASSED (24ms)

[2026-07-19T18:20:35.277Z] INFO: Starting Test Case: TC_SESSION_004 - Session Management validation check - Scenario 4 [Priority: LOW]
[2026-07-19T18:20:35.324Z] INFO: Finished Test Case: TC_SESSION_004 - Status: PASSED (47ms)

[2026-07-19T18:20:35.324Z] INFO: Starting Test Case: TC_SESSION_005 - Session Management validation check - Scenario 5 [Priority: MEDIUM]
[2026-07-19T18:20:35.359Z] INFO: Finished Test Case: TC_SESSION_005 - Status: PASSED (34ms)

[2026-07-19T18:20:35.359Z] INFO: Starting Test Case: TC_SESSION_006 - Session Management validation check - Scenario 6 [Priority: CRITICAL]
[2026-07-19T18:20:35.405Z] INFO: Finished Test Case: TC_SESSION_006 - Status: PASSED (46ms)

[2026-07-19T18:20:35.405Z] INFO: Starting Test Case: TC_SESSION_007 - Session Management validation check - Scenario 7 [Priority: HIGH]
[2026-07-19T18:20:35.429Z] INFO: Finished Test Case: TC_SESSION_007 - Status: PASSED (24ms)

[2026-07-19T18:20:35.430Z] INFO: Starting Test Case: TC_SESSION_008 - Session Management validation check - Scenario 8 [Priority: HIGH]
[2026-07-19T18:20:35.479Z] INFO: Finished Test Case: TC_SESSION_008 - Status: PASSED (49ms)

[2026-07-19T18:20:35.479Z] INFO: Starting Test Case: TC_SESSION_009 - Session Management validation check - Scenario 9 [Priority: LOW]
[2026-07-19T18:20:35.517Z] INFO: Finished Test Case: TC_SESSION_009 - Status: PASSED (38ms)

[2026-07-19T18:20:35.517Z] INFO: Starting Test Case: TC_SESSION_010 - Session Management validation check - Scenario 10 [Priority: MEDIUM]
[2026-07-19T18:20:35.540Z] INFO: Finished Test Case: TC_SESSION_010 - Status: PASSED (23ms)

[2026-07-19T18:20:35.541Z] INFO: Starting Test Case: TC_SESSION_011 - Session Management validation check - Scenario 11 [Priority: CRITICAL]
[2026-07-19T18:20:35.578Z] INFO: Finished Test Case: TC_SESSION_011 - Status: PASSED (37ms)

[2026-07-19T18:20:35.578Z] INFO: Starting Test Case: TC_SESSION_012 - Session Management validation check - Scenario 12 [Priority: HIGH]
[2026-07-19T18:20:35.621Z] INFO: Finished Test Case: TC_SESSION_012 - Status: PASSED (43ms)

[2026-07-19T18:20:35.621Z] INFO: Starting Test Case: TC_SESSION_013 - Session Management validation check - Scenario 13 [Priority: HIGH]
[2026-07-19T18:20:35.643Z] INFO: Finished Test Case: TC_SESSION_013 - Status: PASSED (22ms)

[2026-07-19T18:20:35.643Z] INFO: Starting Test Case: TC_SESSION_014 - Session Management validation check - Scenario 14 [Priority: LOW]
[2026-07-19T18:20:35.670Z] INFO: Finished Test Case: TC_SESSION_014 - Status: PASSED (27ms)

[2026-07-19T18:20:35.670Z] INFO: Starting Test Case: TC_SESSION_015 - Session Management validation check - Scenario 15 [Priority: MEDIUM]
[2026-07-19T18:20:35.718Z] INFO: Finished Test Case: TC_SESSION_015 - Status: PASSED (48ms)

[2026-07-19T18:20:35.718Z] INFO: Starting Test Case: TC_SESSION_016 - Session Management validation check - Scenario 16 [Priority: CRITICAL]
[2026-07-19T18:20:35.739Z] INFO: Finished Test Case: TC_SESSION_016 - Status: PASSED (21ms)

[2026-07-19T18:20:35.739Z] INFO: Starting Test Case: TC_SESSION_017 - Session Management validation check - Scenario 17 [Priority: HIGH]
[2026-07-19T18:20:35.752Z] INFO: Finished Test Case: TC_SESSION_017 - Status: PASSED (13ms)

[2026-07-19T18:20:35.752Z] INFO: Starting Test Case: TC_SESSION_018 - Session Management validation check - Scenario 18 [Priority: HIGH]
[2026-07-19T18:20:35.786Z] INFO: Finished Test Case: TC_SESSION_018 - Status: PASSED (34ms)

[2026-07-19T18:20:35.786Z] INFO: Starting Test Case: TC_SESSION_019 - Session Management validation check - Scenario 19 [Priority: LOW]
[2026-07-19T18:20:35.830Z] INFO: Finished Test Case: TC_SESSION_019 - Status: PASSED (44ms)

[2026-07-19T18:20:35.830Z] INFO: Starting Test Case: TC_SESSION_020 - Session Management validation check - Scenario 20 [Priority: MEDIUM]
[2026-07-19T18:20:35.854Z] INFO: Finished Test Case: TC_SESSION_020 - Status: PASSED (24ms)

[2026-07-19T18:20:35.854Z] INFO: Starting Test Case: TC_FILE_001 - File Upload validation check - Scenario 1 [Priority: CRITICAL]
[2026-07-19T18:20:35.890Z] INFO: Finished Test Case: TC_FILE_001 - Status: PASSED (36ms)

[2026-07-19T18:20:35.890Z] INFO: Starting Test Case: TC_FILE_002 - File Upload validation check - Scenario 2 [Priority: HIGH]
[2026-07-19T18:20:35.890Z] INFO: Running E2E: Large File Upload...
[2026-07-19T18:20:35.891Z] INFO: Finished Test Case: TC_FILE_002 - Status: PASSED (1ms)

[2026-07-19T18:20:35.891Z] INFO: Starting Test Case: TC_FILE_003 - File Upload validation check - Scenario 3 [Priority: HIGH]
[2026-07-19T18:20:35.940Z] INFO: Finished Test Case: TC_FILE_003 - Status: PASSED (49ms)

[2026-07-19T18:20:35.940Z] INFO: Starting Test Case: TC_FILE_004 - File Upload validation check - Scenario 4 [Priority: LOW]
[2026-07-19T18:20:35.980Z] INFO: Finished Test Case: TC_FILE_004 - Status: PASSED (40ms)

[2026-07-19T18:20:35.980Z] INFO: Starting Test Case: TC_FILE_005 - File Upload validation check - Scenario 5 [Priority: MEDIUM]
[2026-07-19T18:20:36.014Z] INFO: Finished Test Case: TC_FILE_005 - Status: PASSED (34ms)

[2026-07-19T18:20:36.015Z] INFO: Starting Test Case: TC_FILE_006 - File Upload validation check - Scenario 6 [Priority: CRITICAL]
[2026-07-19T18:20:36.032Z] INFO: Finished Test Case: TC_FILE_006 - Status: PASSED (17ms)

[2026-07-19T18:20:36.032Z] INFO: Starting Test Case: TC_FILE_007 - File Upload validation check - Scenario 7 [Priority: HIGH]
[2026-07-19T18:20:36.073Z] INFO: Finished Test Case: TC_FILE_007 - Status: PASSED (41ms)

[2026-07-19T18:20:36.073Z] INFO: Starting Test Case: TC_FILE_008 - File Upload validation check - Scenario 8 [Priority: HIGH]
[2026-07-19T18:20:36.087Z] INFO: Finished Test Case: TC_FILE_008 - Status: PASSED (14ms)

[2026-07-19T18:20:36.088Z] INFO: Starting Test Case: TC_FILE_009 - File Upload validation check - Scenario 9 [Priority: LOW]
[2026-07-19T18:20:36.137Z] INFO: Finished Test Case: TC_FILE_009 - Status: PASSED (49ms)

[2026-07-19T18:20:36.137Z] INFO: Starting Test Case: TC_FILE_010 - File Upload validation check - Scenario 10 [Priority: MEDIUM]
[2026-07-19T18:20:36.164Z] INFO: Finished Test Case: TC_FILE_010 - Status: PASSED (27ms)

[2026-07-19T18:20:36.164Z] INFO: Starting Test Case: TC_FILE_011 - File Upload validation check - Scenario 11 [Priority: CRITICAL]
[2026-07-19T18:20:36.214Z] INFO: Finished Test Case: TC_FILE_011 - Status: PASSED (49ms)

[2026-07-19T18:20:36.214Z] INFO: Starting Test Case: TC_FILE_012 - File Upload validation check - Scenario 12 [Priority: HIGH]
[2026-07-19T18:20:36.231Z] INFO: Finished Test Case: TC_FILE_012 - Status: PASSED (17ms)

[2026-07-19T18:20:36.231Z] INFO: Starting Test Case: TC_FILE_013 - File Upload validation check - Scenario 13 [Priority: HIGH]
[2026-07-19T18:20:36.265Z] INFO: Finished Test Case: TC_FILE_013 - Status: PASSED (34ms)

[2026-07-19T18:20:36.265Z] INFO: Starting Test Case: TC_FILE_014 - File Upload validation check - Scenario 14 [Priority: LOW]
[2026-07-19T18:20:36.271Z] INFO: Finished Test Case: TC_FILE_014 - Status: PASSED (6ms)

[2026-07-19T18:20:36.271Z] INFO: Starting Test Case: TC_FILE_015 - File Upload validation check - Scenario 15 [Priority: MEDIUM]
[2026-07-19T18:20:36.308Z] INFO: Finished Test Case: TC_FILE_015 - Status: PASSED (37ms)

[2026-07-19T18:20:36.308Z] INFO: Starting Test Case: TC_FILE_016 - File Upload validation check - Scenario 16 [Priority: CRITICAL]
[2026-07-19T18:20:36.345Z] INFO: Finished Test Case: TC_FILE_016 - Status: PASSED (37ms)

[2026-07-19T18:20:36.345Z] INFO: Starting Test Case: TC_FILE_017 - File Upload validation check - Scenario 17 [Priority: HIGH]
[2026-07-19T18:20:36.373Z] INFO: Finished Test Case: TC_FILE_017 - Status: PASSED (28ms)

[2026-07-19T18:20:36.373Z] INFO: Starting Test Case: TC_FILE_018 - File Upload validation check - Scenario 18 [Priority: HIGH]
[2026-07-19T18:20:36.394Z] INFO: Finished Test Case: TC_FILE_018 - Status: PASSED (21ms)

[2026-07-19T18:20:36.394Z] INFO: Starting Test Case: TC_FILE_019 - File Upload validation check - Scenario 19 [Priority: LOW]
[2026-07-19T18:20:36.418Z] INFO: Finished Test Case: TC_FILE_019 - Status: PASSED (24ms)

[2026-07-19T18:20:36.418Z] INFO: Starting Test Case: TC_FILE_020 - File Upload validation check - Scenario 20 [Priority: MEDIUM]
[2026-07-19T18:20:36.468Z] INFO: Finished Test Case: TC_FILE_020 - Status: PASSED (50ms)

[2026-07-19T18:20:36.468Z] INFO: Starting Test Case: TC_A11Y_001 - Accessibility validation check - Scenario 1 [Priority: CRITICAL]
[2026-07-19T18:20:36.502Z] INFO: Finished Test Case: TC_A11Y_001 - Status: PASSED (34ms)

[2026-07-19T18:20:36.502Z] INFO: Starting Test Case: TC_A11Y_002 - Accessibility validation check - Scenario 2 [Priority: HIGH]
[2026-07-19T18:20:36.519Z] INFO: Finished Test Case: TC_A11Y_002 - Status: PASSED (17ms)

[2026-07-19T18:20:36.519Z] INFO: Starting Test Case: TC_A11Y_003 - Accessibility validation check - Scenario 3 [Priority: HIGH]
[2026-07-19T18:20:36.563Z] INFO: Finished Test Case: TC_A11Y_003 - Status: PASSED (44ms)

[2026-07-19T18:20:36.563Z] INFO: Starting Test Case: TC_A11Y_004 - Accessibility validation check - Scenario 4 [Priority: LOW]
[2026-07-19T18:20:36.600Z] INFO: Finished Test Case: TC_A11Y_004 - Status: PASSED (37ms)

[2026-07-19T18:20:36.600Z] INFO: Starting Test Case: TC_A11Y_005 - Accessibility validation check - Scenario 5 [Priority: MEDIUM]
[2026-07-19T18:20:36.633Z] INFO: Finished Test Case: TC_A11Y_005 - Status: PASSED (33ms)

[2026-07-19T18:20:36.633Z] INFO: Starting Test Case: TC_A11Y_006 - Accessibility validation check - Scenario 6 [Priority: CRITICAL]
[2026-07-19T18:20:36.645Z] INFO: Finished Test Case: TC_A11Y_006 - Status: PASSED (12ms)

[2026-07-19T18:20:36.645Z] INFO: Starting Test Case: TC_A11Y_007 - Accessibility validation check - Scenario 7 [Priority: HIGH]
[2026-07-19T18:20:36.650Z] INFO: Finished Test Case: TC_A11Y_007 - Status: PASSED (5ms)

[2026-07-19T18:20:36.650Z] INFO: Starting Test Case: TC_A11Y_008 - Accessibility validation check - Scenario 8 [Priority: HIGH]
[2026-07-19T18:20:36.690Z] INFO: Finished Test Case: TC_A11Y_008 - Status: PASSED (40ms)

[2026-07-19T18:20:36.690Z] INFO: Starting Test Case: TC_A11Y_009 - Accessibility validation check - Scenario 9 [Priority: LOW]
[2026-07-19T18:20:36.720Z] INFO: Finished Test Case: TC_A11Y_009 - Status: PASSED (30ms)

[2026-07-19T18:20:36.720Z] INFO: Starting Test Case: TC_A11Y_010 - Accessibility validation check - Scenario 10 [Priority: MEDIUM]
[2026-07-19T18:20:36.759Z] INFO: Finished Test Case: TC_A11Y_010 - Status: PASSED (39ms)

[2026-07-19T18:20:36.759Z] INFO: Starting Test Case: TC_A11Y_011 - Accessibility validation check - Scenario 11 [Priority: CRITICAL]
[2026-07-19T18:20:36.805Z] INFO: Finished Test Case: TC_A11Y_011 - Status: PASSED (46ms)

[2026-07-19T18:20:36.805Z] INFO: Starting Test Case: TC_A11Y_012 - Accessibility validation check - Scenario 12 [Priority: HIGH]
[2026-07-19T18:20:36.830Z] INFO: Finished Test Case: TC_A11Y_012 - Status: PASSED (25ms)

[2026-07-19T18:20:36.830Z] INFO: Starting Test Case: TC_A11Y_013 - Accessibility validation check - Scenario 13 [Priority: HIGH]
[2026-07-19T18:20:36.868Z] INFO: Finished Test Case: TC_A11Y_013 - Status: PASSED (38ms)

[2026-07-19T18:20:36.868Z] INFO: Starting Test Case: TC_A11Y_014 - Accessibility validation check - Scenario 14 [Priority: LOW]
[2026-07-19T18:20:36.893Z] INFO: Finished Test Case: TC_A11Y_014 - Status: PASSED (25ms)

[2026-07-19T18:20:36.893Z] INFO: Starting Test Case: TC_A11Y_015 - Accessibility validation check - Scenario 15 [Priority: MEDIUM]
[2026-07-19T18:20:36.905Z] INFO: Finished Test Case: TC_A11Y_015 - Status: PASSED (12ms)

[2026-07-19T18:20:36.905Z] INFO: Starting Test Case: TC_A11Y_016 - Accessibility validation check - Scenario 16 [Priority: CRITICAL]
[2026-07-19T18:20:36.917Z] INFO: Finished Test Case: TC_A11Y_016 - Status: PASSED (12ms)

[2026-07-19T18:20:36.917Z] INFO: Starting Test Case: TC_A11Y_017 - Accessibility validation check - Scenario 17 [Priority: HIGH]
[2026-07-19T18:20:36.937Z] INFO: Finished Test Case: TC_A11Y_017 - Status: PASSED (20ms)

[2026-07-19T18:20:36.937Z] INFO: Starting Test Case: TC_A11Y_018 - Accessibility validation check - Scenario 18 [Priority: HIGH]
[2026-07-19T18:20:36.958Z] INFO: Finished Test Case: TC_A11Y_018 - Status: PASSED (21ms)

[2026-07-19T18:20:36.958Z] INFO: Starting Test Case: TC_A11Y_019 - Accessibility validation check - Scenario 19 [Priority: LOW]
[2026-07-19T18:20:36.971Z] INFO: Finished Test Case: TC_A11Y_019 - Status: PASSED (13ms)

[2026-07-19T18:20:36.971Z] INFO: Starting Test Case: TC_A11Y_020 - Accessibility validation check - Scenario 20 [Priority: MEDIUM]
[2026-07-19T18:20:37.002Z] INFO: Finished Test Case: TC_A11Y_020 - Status: PASSED (31ms)

[2026-07-19T18:20:37.002Z] INFO: Starting Test Case: TC_RESPONSIVE_001 - Responsive Design validation check - Scenario 1 [Priority: CRITICAL]
[2026-07-19T18:20:37.043Z] INFO: Finished Test Case: TC_RESPONSIVE_001 - Status: PASSED (41ms)

[2026-07-19T18:20:37.043Z] INFO: Starting Test Case: TC_RESPONSIVE_002 - Responsive Design validation check - Scenario 2 [Priority: HIGH]
[2026-07-19T18:20:37.049Z] INFO: Finished Test Case: TC_RESPONSIVE_002 - Status: PASSED (6ms)

[2026-07-19T18:20:37.049Z] INFO: Starting Test Case: TC_RESPONSIVE_003 - Responsive Design validation check - Scenario 3 [Priority: HIGH]
[2026-07-19T18:20:37.082Z] INFO: Finished Test Case: TC_RESPONSIVE_003 - Status: PASSED (33ms)

[2026-07-19T18:20:37.082Z] INFO: Starting Test Case: TC_RESPONSIVE_004 - Responsive Design validation check - Scenario 4 [Priority: LOW]
[2026-07-19T18:20:37.121Z] INFO: Finished Test Case: TC_RESPONSIVE_004 - Status: PASSED (39ms)

[2026-07-19T18:20:37.121Z] INFO: Starting Test Case: TC_RESPONSIVE_005 - Responsive Design validation check - Scenario 5 [Priority: MEDIUM]
[2026-07-19T18:20:37.161Z] INFO: Finished Test Case: TC_RESPONSIVE_005 - Status: PASSED (40ms)

[2026-07-19T18:20:37.161Z] INFO: Starting Test Case: TC_RESPONSIVE_006 - Responsive Design validation check - Scenario 6 [Priority: CRITICAL]
[2026-07-19T18:20:37.196Z] INFO: Finished Test Case: TC_RESPONSIVE_006 - Status: PASSED (35ms)

[2026-07-19T18:20:37.196Z] INFO: Starting Test Case: TC_RESPONSIVE_007 - Responsive Design validation check - Scenario 7 [Priority: HIGH]
[2026-07-19T18:20:37.215Z] INFO: Finished Test Case: TC_RESPONSIVE_007 - Status: PASSED (19ms)

[2026-07-19T18:20:37.215Z] INFO: Starting Test Case: TC_RESPONSIVE_008 - Responsive Design validation check - Scenario 8 [Priority: HIGH]
[2026-07-19T18:20:37.247Z] INFO: Finished Test Case: TC_RESPONSIVE_008 - Status: PASSED (32ms)

[2026-07-19T18:20:37.247Z] INFO: Starting Test Case: TC_RESPONSIVE_009 - Responsive Design validation check - Scenario 9 [Priority: LOW]
[2026-07-19T18:20:37.265Z] INFO: Finished Test Case: TC_RESPONSIVE_009 - Status: PASSED (18ms)

[2026-07-19T18:20:37.265Z] INFO: Starting Test Case: TC_RESPONSIVE_010 - Responsive Design validation check - Scenario 10 [Priority: MEDIUM]
[2026-07-19T18:20:37.274Z] INFO: Finished Test Case: TC_RESPONSIVE_010 - Status: PASSED (9ms)

[2026-07-19T18:20:37.274Z] INFO: Starting Test Case: TC_RESPONSIVE_011 - Responsive Design validation check - Scenario 11 [Priority: CRITICAL]
[2026-07-19T18:20:37.282Z] INFO: Finished Test Case: TC_RESPONSIVE_011 - Status: PASSED (8ms)

[2026-07-19T18:20:37.282Z] INFO: Starting Test Case: TC_RESPONSIVE_012 - Responsive Design validation check - Scenario 12 [Priority: HIGH]
[2026-07-19T18:20:37.301Z] INFO: Finished Test Case: TC_RESPONSIVE_012 - Status: PASSED (19ms)

[2026-07-19T18:20:37.301Z] INFO: Starting Test Case: TC_RESPONSIVE_013 - Responsive Design validation check - Scenario 13 [Priority: HIGH]
[2026-07-19T18:20:37.329Z] INFO: Finished Test Case: TC_RESPONSIVE_013 - Status: PASSED (28ms)

[2026-07-19T18:20:37.330Z] INFO: Starting Test Case: TC_RESPONSIVE_014 - Responsive Design validation check - Scenario 14 [Priority: LOW]
[2026-07-19T18:20:37.371Z] INFO: Finished Test Case: TC_RESPONSIVE_014 - Status: PASSED (41ms)

[2026-07-19T18:20:37.371Z] INFO: Starting Test Case: TC_RESPONSIVE_015 - Responsive Design validation check - Scenario 15 [Priority: MEDIUM]
[2026-07-19T18:20:37.413Z] INFO: Finished Test Case: TC_RESPONSIVE_015 - Status: PASSED (42ms)

[2026-07-19T18:20:37.413Z] INFO: Starting Test Case: TC_RESPONSIVE_016 - Responsive Design validation check - Scenario 16 [Priority: CRITICAL]
[2026-07-19T18:20:37.432Z] INFO: Finished Test Case: TC_RESPONSIVE_016 - Status: PASSED (19ms)

[2026-07-19T18:20:37.433Z] INFO: Starting Test Case: TC_RESPONSIVE_017 - Responsive Design validation check - Scenario 17 [Priority: HIGH]
[2026-07-19T18:20:37.458Z] INFO: Finished Test Case: TC_RESPONSIVE_017 - Status: PASSED (25ms)

[2026-07-19T18:20:37.458Z] INFO: Starting Test Case: TC_RESPONSIVE_018 - Responsive Design validation check - Scenario 18 [Priority: HIGH]
[2026-07-19T18:20:37.471Z] INFO: Finished Test Case: TC_RESPONSIVE_018 - Status: PASSED (13ms)

[2026-07-19T18:20:37.471Z] INFO: Starting Test Case: TC_RESPONSIVE_019 - Responsive Design validation check - Scenario 19 [Priority: LOW]
[2026-07-19T18:20:37.477Z] INFO: Finished Test Case: TC_RESPONSIVE_019 - Status: PASSED (6ms)

[2026-07-19T18:20:37.477Z] INFO: Starting Test Case: TC_RESPONSIVE_020 - Responsive Design validation check - Scenario 20 [Priority: MEDIUM]
[2026-07-19T18:20:37.492Z] INFO: Finished Test Case: TC_RESPONSIVE_020 - Status: PASSED (15ms)

[2026-07-19T18:20:37.492Z] INFO: Starting Test Case: TC_PERF_001 - Performance Smoke validation check - Scenario 1 [Priority: CRITICAL]
[2026-07-19T18:20:37.514Z] INFO: Finished Test Case: TC_PERF_001 - Status: PASSED (22ms)

[2026-07-19T18:20:37.514Z] INFO: Starting Test Case: TC_PERF_002 - Performance Smoke validation check - Scenario 2 [Priority: HIGH]
[2026-07-19T18:20:37.551Z] INFO: Finished Test Case: TC_PERF_002 - Status: PASSED (37ms)

[2026-07-19T18:20:37.551Z] INFO: Starting Test Case: TC_PERF_003 - Performance Smoke validation check - Scenario 3 [Priority: HIGH]
[2026-07-19T18:20:37.560Z] INFO: Finished Test Case: TC_PERF_003 - Status: PASSED (9ms)

[2026-07-19T18:20:37.560Z] INFO: Starting Test Case: TC_PERF_004 - Performance Smoke validation check - Scenario 4 [Priority: LOW]
[2026-07-19T18:20:37.607Z] INFO: Finished Test Case: TC_PERF_004 - Status: PASSED (47ms)

[2026-07-19T18:20:37.607Z] INFO: Starting Test Case: TC_PERF_005 - Performance Smoke validation check - Scenario 5 [Priority: MEDIUM]
[2026-07-19T18:20:37.643Z] INFO: Finished Test Case: TC_PERF_005 - Status: PASSED (36ms)

[2026-07-19T18:20:37.643Z] INFO: Starting Test Case: TC_PERF_006 - Performance Smoke validation check - Scenario 6 [Priority: CRITICAL]
[2026-07-19T18:20:37.658Z] INFO: Finished Test Case: TC_PERF_006 - Status: PASSED (15ms)

[2026-07-19T18:20:37.658Z] INFO: Starting Test Case: TC_PERF_007 - Performance Smoke validation check - Scenario 7 [Priority: HIGH]
[2026-07-19T18:20:37.685Z] INFO: Finished Test Case: TC_PERF_007 - Status: PASSED (27ms)

[2026-07-19T18:20:37.685Z] INFO: Starting Test Case: TC_PERF_008 - Performance Smoke validation check - Scenario 8 [Priority: HIGH]
[2026-07-19T18:20:37.702Z] INFO: Finished Test Case: TC_PERF_008 - Status: PASSED (17ms)

[2026-07-19T18:20:37.702Z] INFO: Starting Test Case: TC_PERF_009 - Performance Smoke validation check - Scenario 9 [Priority: LOW]
[2026-07-19T18:20:37.720Z] INFO: Finished Test Case: TC_PERF_009 - Status: PASSED (18ms)

[2026-07-19T18:20:37.720Z] INFO: Starting Test Case: TC_PERF_010 - Performance Smoke validation check - Scenario 10 [Priority: MEDIUM]
[2026-07-19T18:20:37.752Z] INFO: Finished Test Case: TC_PERF_010 - Status: PASSED (32ms)

[2026-07-19T18:20:37.752Z] INFO: Starting Test Case: TC_PERF_011 - Performance Smoke validation check - Scenario 11 [Priority: CRITICAL]
[2026-07-19T18:20:37.793Z] INFO: Finished Test Case: TC_PERF_011 - Status: PASSED (41ms)

[2026-07-19T18:20:37.793Z] INFO: Starting Test Case: TC_PERF_012 - Performance Smoke validation check - Scenario 12 [Priority: HIGH]
[2026-07-19T18:20:37.839Z] INFO: Finished Test Case: TC_PERF_012 - Status: PASSED (46ms)

[2026-07-19T18:20:37.839Z] INFO: Starting Test Case: TC_PERF_013 - Performance Smoke validation check - Scenario 13 [Priority: HIGH]
[2026-07-19T18:20:37.881Z] INFO: Finished Test Case: TC_PERF_013 - Status: PASSED (42ms)

[2026-07-19T18:20:37.881Z] INFO: Starting Test Case: TC_PERF_014 - Performance Smoke validation check - Scenario 14 [Priority: LOW]
[2026-07-19T18:20:37.907Z] INFO: Finished Test Case: TC_PERF_014 - Status: PASSED (26ms)

[2026-07-19T18:20:37.907Z] INFO: Starting Test Case: TC_PERF_015 - Performance Smoke validation check - Scenario 15 [Priority: MEDIUM]
[2026-07-19T18:20:37.923Z] INFO: Finished Test Case: TC_PERF_015 - Status: PASSED (16ms)

[2026-07-19T18:20:37.923Z] INFO: Starting Test Case: TC_PERF_016 - Performance Smoke validation check - Scenario 16 [Priority: CRITICAL]
[2026-07-19T18:20:37.958Z] INFO: Finished Test Case: TC_PERF_016 - Status: PASSED (35ms)

[2026-07-19T18:20:37.958Z] INFO: Starting Test Case: TC_PERF_017 - Performance Smoke validation check - Scenario 17 [Priority: HIGH]
[2026-07-19T18:20:37.974Z] INFO: Finished Test Case: TC_PERF_017 - Status: PASSED (16ms)

[2026-07-19T18:20:37.974Z] INFO: Starting Test Case: TC_PERF_018 - Performance Smoke validation check - Scenario 18 [Priority: HIGH]
[2026-07-19T18:20:37.987Z] INFO: Finished Test Case: TC_PERF_018 - Status: PASSED (13ms)

[2026-07-19T18:20:37.988Z] INFO: Starting Test Case: TC_PERF_019 - Performance Smoke validation check - Scenario 19 [Priority: LOW]
[2026-07-19T18:20:38.015Z] INFO: Finished Test Case: TC_PERF_019 - Status: PASSED (27ms)

[2026-07-19T18:20:38.015Z] INFO: Starting Test Case: TC_PERF_020 - Performance Smoke validation check - Scenario 20 [Priority: MEDIUM]
[2026-07-19T18:20:38.032Z] INFO: Finished Test Case: TC_PERF_020 - Status: PASSED (17ms)

[2026-07-19T18:20:38.032Z] INFO: Starting Test Case: TC_REGR_001 - Regression validation check - Scenario 1 [Priority: CRITICAL]
[2026-07-19T18:20:38.049Z] INFO: Finished Test Case: TC_REGR_001 - Status: PASSED (17ms)

[2026-07-19T18:20:38.049Z] INFO: Starting Test Case: TC_REGR_002 - Regression validation check - Scenario 2 [Priority: HIGH]
[2026-07-19T18:20:38.069Z] INFO: Finished Test Case: TC_REGR_002 - Status: PASSED (20ms)

[2026-07-19T18:20:38.069Z] INFO: Starting Test Case: TC_REGR_003 - Regression validation check - Scenario 3 [Priority: HIGH]
[2026-07-19T18:20:38.079Z] INFO: Finished Test Case: TC_REGR_003 - Status: PASSED (10ms)

[2026-07-19T18:20:38.079Z] INFO: Starting Test Case: TC_REGR_004 - Regression validation check - Scenario 4 [Priority: LOW]
[2026-07-19T18:20:38.118Z] INFO: Finished Test Case: TC_REGR_004 - Status: PASSED (39ms)

[2026-07-19T18:20:38.118Z] INFO: Starting Test Case: TC_REGR_005 - Regression validation check - Scenario 5 [Priority: MEDIUM]
[2026-07-19T18:20:38.140Z] INFO: Finished Test Case: TC_REGR_005 - Status: PASSED (22ms)

[2026-07-19T18:20:38.140Z] INFO: Starting Test Case: TC_REGR_006 - Regression validation check - Scenario 6 [Priority: CRITICAL]
[2026-07-19T18:20:38.172Z] INFO: Finished Test Case: TC_REGR_006 - Status: PASSED (32ms)

[2026-07-19T18:20:38.172Z] INFO: Starting Test Case: TC_REGR_007 - Regression validation check - Scenario 7 [Priority: HIGH]
[2026-07-19T18:20:38.180Z] INFO: Finished Test Case: TC_REGR_007 - Status: PASSED (8ms)

[2026-07-19T18:20:38.180Z] INFO: Starting Test Case: TC_REGR_008 - Regression validation check - Scenario 8 [Priority: HIGH]
[2026-07-19T18:20:38.227Z] INFO: Finished Test Case: TC_REGR_008 - Status: PASSED (47ms)

[2026-07-19T18:20:38.227Z] INFO: Starting Test Case: TC_REGR_009 - Regression validation check - Scenario 9 [Priority: LOW]
[2026-07-19T18:20:38.259Z] INFO: Finished Test Case: TC_REGR_009 - Status: PASSED (32ms)

[2026-07-19T18:20:38.259Z] INFO: Starting Test Case: TC_REGR_010 - Regression validation check - Scenario 10 [Priority: MEDIUM]
[2026-07-19T18:20:38.302Z] INFO: Finished Test Case: TC_REGR_010 - Status: PASSED (43ms)

[2026-07-19T18:20:38.302Z] INFO: Starting Test Case: TC_REGR_011 - Regression validation check - Scenario 11 [Priority: CRITICAL]
[2026-07-19T18:20:38.315Z] INFO: Finished Test Case: TC_REGR_011 - Status: PASSED (13ms)

[2026-07-19T18:20:38.315Z] INFO: Starting Test Case: TC_REGR_012 - Regression validation check - Scenario 12 [Priority: HIGH]
[2026-07-19T18:20:38.337Z] INFO: Finished Test Case: TC_REGR_012 - Status: PASSED (22ms)

[2026-07-19T18:20:38.337Z] INFO: Starting Test Case: TC_REGR_013 - Regression validation check - Scenario 13 [Priority: HIGH]
[2026-07-19T18:20:38.358Z] INFO: Finished Test Case: TC_REGR_013 - Status: PASSED (21ms)

[2026-07-19T18:20:38.358Z] INFO: Starting Test Case: TC_REGR_014 - Regression validation check - Scenario 14 [Priority: LOW]
[2026-07-19T18:20:38.374Z] INFO: Finished Test Case: TC_REGR_014 - Status: PASSED (16ms)

[2026-07-19T18:20:38.374Z] INFO: Starting Test Case: TC_REGR_015 - Regression validation check - Scenario 15 [Priority: MEDIUM]
[2026-07-19T18:20:38.406Z] INFO: Finished Test Case: TC_REGR_015 - Status: PASSED (32ms)

[2026-07-19T18:20:38.406Z] INFO: Starting Test Case: TC_REGR_016 - Regression validation check - Scenario 16 [Priority: CRITICAL]
[2026-07-19T18:20:38.426Z] INFO: Finished Test Case: TC_REGR_016 - Status: PASSED (20ms)

[2026-07-19T18:20:38.426Z] INFO: Starting Test Case: TC_REGR_017 - Regression validation check - Scenario 17 [Priority: HIGH]
[2026-07-19T18:20:38.452Z] INFO: Finished Test Case: TC_REGR_017 - Status: PASSED (26ms)

[2026-07-19T18:20:38.452Z] INFO: Starting Test Case: TC_REGR_018 - Regression validation check - Scenario 18 [Priority: HIGH]
[2026-07-19T18:20:38.500Z] INFO: Finished Test Case: TC_REGR_018 - Status: PASSED (47ms)

[2026-07-19T18:20:38.500Z] INFO: Starting Test Case: TC_REGR_019 - Regression validation check - Scenario 19 [Priority: LOW]
[2026-07-19T18:20:38.532Z] INFO: Finished Test Case: TC_REGR_019 - Status: PASSED (32ms)

[2026-07-19T18:20:38.532Z] INFO: Starting Test Case: TC_REGR_020 - Regression validation check - Scenario 20 [Priority: MEDIUM]
[2026-07-19T18:20:38.563Z] INFO: Finished Test Case: TC_REGR_020 - Status: PASSED (31ms)

[2026-07-19T18:20:38.563Z] INFO: Starting Test Case: TC_REGR_021 - Regression validation check - Scenario 21 [Priority: CRITICAL]
[2026-07-19T18:20:38.576Z] INFO: Finished Test Case: TC_REGR_021 - Status: PASSED (12ms)

[2026-07-19T18:20:38.576Z] INFO: Starting Test Case: TC_REGR_022 - Regression validation check - Scenario 22 [Priority: HIGH]
[2026-07-19T18:20:38.625Z] INFO: Finished Test Case: TC_REGR_022 - Status: PASSED (49ms)

[2026-07-19T18:20:38.625Z] INFO: Starting Test Case: TC_REGR_023 - Regression validation check - Scenario 23 [Priority: HIGH]
[2026-07-19T18:20:38.664Z] INFO: Finished Test Case: TC_REGR_023 - Status: PASSED (39ms)

[2026-07-19T18:20:38.664Z] INFO: Starting Test Case: TC_REGR_024 - Regression validation check - Scenario 24 [Priority: LOW]
[2026-07-19T18:20:38.682Z] INFO: Finished Test Case: TC_REGR_024 - Status: PASSED (18ms)

[2026-07-19T18:20:38.682Z] INFO: Starting Test Case: TC_REGR_025 - Regression validation check - Scenario 25 [Priority: MEDIUM]
[2026-07-19T18:20:38.698Z] INFO: Finished Test Case: TC_REGR_025 - Status: PASSED (16ms)

[2026-07-19T18:20:38.698Z] INFO: Starting Test Case: TC_REGR_026 - Regression validation check - Scenario 26 [Priority: CRITICAL]
[2026-07-19T18:20:38.740Z] INFO: Finished Test Case: TC_REGR_026 - Status: PASSED (42ms)

[2026-07-19T18:20:38.740Z] INFO: Starting Test Case: TC_REGR_027 - Regression validation check - Scenario 27 [Priority: HIGH]
[2026-07-19T18:20:38.773Z] INFO: Finished Test Case: TC_REGR_027 - Status: PASSED (32ms)

[2026-07-19T18:20:38.773Z] INFO: Starting Test Case: TC_REGR_028 - Regression validation check - Scenario 28 [Priority: HIGH]
[2026-07-19T18:20:38.814Z] INFO: Finished Test Case: TC_REGR_028 - Status: PASSED (41ms)

[2026-07-19T18:20:38.814Z] INFO: Starting Test Case: TC_REGR_029 - Regression validation check - Scenario 29 [Priority: LOW]
[2026-07-19T18:20:38.835Z] INFO: Finished Test Case: TC_REGR_029 - Status: PASSED (21ms)

[2026-07-19T18:20:38.835Z] INFO: Starting Test Case: TC_REGR_030 - Regression validation check - Scenario 30 [Priority: MEDIUM]
[2026-07-19T18:20:38.855Z] INFO: Finished Test Case: TC_REGR_030 - Status: PASSED (19ms)

[2026-07-19T18:20:38.855Z] INFO: Starting Test Case: TC_REGR_031 - Regression validation check - Scenario 31 [Priority: CRITICAL]
[2026-07-19T18:20:38.870Z] INFO: Finished Test Case: TC_REGR_031 - Status: PASSED (15ms)

[2026-07-19T18:20:38.870Z] INFO: Starting Test Case: TC_REGR_032 - Regression validation check - Scenario 32 [Priority: HIGH]
[2026-07-19T18:20:38.879Z] INFO: Finished Test Case: TC_REGR_032 - Status: PASSED (9ms)

[2026-07-19T18:20:38.879Z] INFO: Starting Test Case: TC_REGR_033 - Regression validation check - Scenario 33 [Priority: HIGH]
[2026-07-19T18:20:38.897Z] INFO: Finished Test Case: TC_REGR_033 - Status: PASSED (18ms)

[2026-07-19T18:20:38.897Z] INFO: Starting Test Case: TC_REGR_034 - Regression validation check - Scenario 34 [Priority: LOW]
[2026-07-19T18:20:38.930Z] INFO: Finished Test Case: TC_REGR_034 - Status: PASSED (33ms)

[2026-07-19T18:20:38.930Z] INFO: Starting Test Case: TC_REGR_035 - Regression validation check - Scenario 35 [Priority: MEDIUM]
[2026-07-19T18:20:38.971Z] INFO: Finished Test Case: TC_REGR_035 - Status: PASSED (41ms)

[2026-07-19T18:20:38.971Z] INFO: Starting Test Case: TC_REGR_036 - Regression validation check - Scenario 36 [Priority: CRITICAL]
[2026-07-19T18:20:38.994Z] INFO: Finished Test Case: TC_REGR_036 - Status: PASSED (23ms)

[2026-07-19T18:20:38.994Z] INFO: Starting Test Case: TC_REGR_037 - Regression validation check - Scenario 37 [Priority: HIGH]
[2026-07-19T18:20:39.017Z] INFO: Finished Test Case: TC_REGR_037 - Status: PASSED (23ms)

[2026-07-19T18:20:39.017Z] INFO: Starting Test Case: TC_REGR_038 - Regression validation check - Scenario 38 [Priority: HIGH]
[2026-07-19T18:20:39.028Z] INFO: Finished Test Case: TC_REGR_038 - Status: PASSED (11ms)

[2026-07-19T18:20:39.028Z] INFO: Starting Test Case: TC_REGR_039 - Regression validation check - Scenario 39 [Priority: LOW]
[2026-07-19T18:20:39.035Z] INFO: Finished Test Case: TC_REGR_039 - Status: PASSED (7ms)

[2026-07-19T18:20:39.036Z] INFO: Starting Test Case: TC_REGR_040 - Regression validation check - Scenario 40 [Priority: MEDIUM]
[2026-07-19T18:20:39.074Z] INFO: Finished Test Case: TC_REGR_040 - Status: PASSED (38ms)

[2026-07-19T18:20:39.074Z] INFO: Starting Test Case: TC_REGR_041 - Regression validation check - Scenario 41 [Priority: CRITICAL]
[2026-07-19T18:20:39.082Z] INFO: Finished Test Case: TC_REGR_041 - Status: PASSED (8ms)

[2026-07-19T18:20:39.082Z] INFO: Starting Test Case: TC_REGR_042 - Regression validation check - Scenario 42 [Priority: HIGH]
[2026-07-19T18:20:39.105Z] INFO: Finished Test Case: TC_REGR_042 - Status: PASSED (23ms)

[2026-07-19T18:20:39.106Z] INFO: Starting Test Case: TC_REGR_043 - Regression validation check - Scenario 43 [Priority: HIGH]
[2026-07-19T18:20:39.151Z] INFO: Finished Test Case: TC_REGR_043 - Status: PASSED (46ms)

[2026-07-19T18:20:39.151Z] INFO: Starting Test Case: TC_REGR_044 - Regression validation check - Scenario 44 [Priority: LOW]
[2026-07-19T18:20:39.161Z] INFO: Finished Test Case: TC_REGR_044 - Status: PASSED (10ms)

[2026-07-19T18:20:39.161Z] INFO: Starting Test Case: TC_REGR_045 - Regression validation check - Scenario 45 [Priority: MEDIUM]
[2026-07-19T18:20:39.201Z] INFO: Finished Test Case: TC_REGR_045 - Status: PASSED (40ms)

[2026-07-19T18:20:39.202Z] INFO: Starting Test Case: TC_REGR_046 - Regression validation check - Scenario 46 [Priority: CRITICAL]
[2026-07-19T18:20:39.242Z] INFO: Finished Test Case: TC_REGR_046 - Status: PASSED (40ms)

[2026-07-19T18:20:39.242Z] INFO: Starting Test Case: TC_REGR_047 - Regression validation check - Scenario 47 [Priority: HIGH]
[2026-07-19T18:20:39.285Z] INFO: Finished Test Case: TC_REGR_047 - Status: PASSED (43ms)

[2026-07-19T18:20:39.285Z] INFO: Starting Test Case: TC_REGR_048 - Regression validation check - Scenario 48 [Priority: HIGH]
[2026-07-19T18:20:39.291Z] INFO: Finished Test Case: TC_REGR_048 - Status: PASSED (6ms)

[2026-07-19T18:20:39.292Z] INFO: Starting Test Case: TC_REGR_049 - Regression validation check - Scenario 49 [Priority: LOW]
[2026-07-19T18:20:39.302Z] INFO: Finished Test Case: TC_REGR_049 - Status: PASSED (10ms)

[2026-07-19T18:20:39.302Z] INFO: Starting Test Case: TC_REGR_050 - Regression validation check - Scenario 50 [Priority: MEDIUM]
[2026-07-19T18:20:39.336Z] INFO: Finished Test Case: TC_REGR_050 - Status: PASSED (34ms)

[2026-07-19T18:20:39.336Z] INFO: Closing Chrome driver session...
[2026-07-19T18:20:39.339Z] INFO: Browser logs saved successfully to: /home/runner/work/neurostay-ai/neurostay-ai/automation/reports/Logs/browser-console.log
[2026-07-19T18:20:39.391Z] INFO: Session closed.
[2026-07-19T18:20:39.391Z] INFO: E2E suite execution finished. Total duration: 36.60s
[2026-07-19T18:20:39.392Z] INFO: Generating Excel automation reports...
[2026-07-19T18:20:39.597Z] INFO: Master Excel report written to: /home/runner/work/neurostay-ai/neurostay-ai/automation/reports/Excel/Automation_Test_Report.xlsx
[2026-07-19T18:20:39.701Z] INFO: Excel report generation completed successfully!
[2026-07-19T18:20:39.701Z] INFO: Generating HTML automation reports...
[2026-07-19T18:20:39.708Z] INFO: HTML Reports successfully written to: /home/runner/work/neurostay-ai/neurostay-ai/automation/reports/HTML
[2026-07-19T18:20:39.711Z] INFO: JSON report generated at: /home/runner/work/neurostay-ai/neurostay-ai/automation/reports/JSON/execution-results.json
[2026-07-19T18:20:39.711Z] INFO: Markdown step summary generated at: /home/runner/work/neurostay-ai/neurostay-ai/automation/reports/Summary/summary.md
[2026-07-19T18:20:39.712Z] INFO: Final Metrics -> Total: 470, Passed: 466, Pass Rate: 99.15%
[2026-07-19T18:20:39.712Z] INFO: Critical Tests -> Total: 95, Failed: 2, Critical Fail Rate: 2.11%
[2026-07-19T18:20:39.712Z] INFO: Execution Passed: All criteria (Pass Rate >= 95% and Critical Fail Rate <= 5%) met successfully!
