[2026-07-19T18:38:30.355Z] INFO: Connecting to Headless Chrome and opening https://munil8215.github.io/neurostay-ai/...
[2026-07-19T18:38:41.472Z] INFO: Headless Chrome session initialized successfully!
[2026-07-19T18:38:41.843Z] INFO: Navigated to: https://munil8215.github.io/neurostay-ai/
[2026-07-19T18:38:41.843Z] INFO: Starting Test Case: TC_AUTH_001 - Valid Login [Priority: CRITICAL]
[2026-07-19T18:38:41.844Z] INFO: Running E2E: Valid Login...
[2026-07-19T18:38:41.844Z] INFO: Typing "******************" into: Email Input (#login-email)
[2026-07-19T18:38:46.934Z] ERROR: Failure during real E2E execution of TC_AUTH_001: element ("#login-email") still not displayed after 5000ms
[2026-07-19T18:38:46.937Z] INFO: Finished Test Case: TC_AUTH_001 - Status: FAILED (5094ms)

[2026-07-19T18:38:46.937Z] INFO: Starting Test Case: TC_AUTH_002 - Logout [Priority: CRITICAL]
[2026-07-19T18:38:46.937Z] INFO: Running E2E: Logout...
[2026-07-19T18:38:46.937Z] INFO: Tapping on element: Profile Tab (a[href$="/profile"])
[2026-07-19T18:38:51.955Z] ERROR: Failure during real E2E execution of TC_AUTH_002: element ("a[href$="/profile"]") still not displayed after 5000ms
[2026-07-19T18:38:51.956Z] INFO: Finished Test Case: TC_AUTH_002 - Status: FAILED (5019ms)

[2026-07-19T18:38:51.956Z] INFO: Starting Test Case: TC_AUTH_003 - Authentication validation check - Scenario 3 [Priority: HIGH]
[2026-07-19T18:38:51.993Z] INFO: Finished Test Case: TC_AUTH_003 - Status: PASSED (37ms)

[2026-07-19T18:38:51.994Z] INFO: Starting Test Case: TC_AUTH_004 - Authentication validation check - Scenario 4 [Priority: LOW]
[2026-07-19T18:38:52.028Z] INFO: Finished Test Case: TC_AUTH_004 - Status: PASSED (34ms)

[2026-07-19T18:38:52.028Z] INFO: Starting Test Case: TC_AUTH_005 - Authentication validation check - Scenario 5 [Priority: MEDIUM]
[2026-07-19T18:38:52.050Z] INFO: Finished Test Case: TC_AUTH_005 - Status: PASSED (22ms)

[2026-07-19T18:38:52.050Z] INFO: Starting Test Case: TC_AUTH_006 - Authentication validation check - Scenario 6 [Priority: CRITICAL]
[2026-07-19T18:38:52.088Z] INFO: Finished Test Case: TC_AUTH_006 - Status: PASSED (38ms)

[2026-07-19T18:38:52.088Z] INFO: Starting Test Case: TC_AUTH_007 - Authentication validation check - Scenario 7 [Priority: HIGH]
[2026-07-19T18:38:52.123Z] INFO: Finished Test Case: TC_AUTH_007 - Status: PASSED (35ms)

[2026-07-19T18:38:52.123Z] INFO: Starting Test Case: TC_AUTH_008 - Authentication validation check - Scenario 8 [Priority: HIGH]
[2026-07-19T18:38:52.168Z] INFO: Finished Test Case: TC_AUTH_008 - Status: PASSED (45ms)

[2026-07-19T18:38:52.168Z] INFO: Starting Test Case: TC_AUTH_009 - Authentication validation check - Scenario 9 [Priority: LOW]
[2026-07-19T18:38:52.183Z] INFO: Finished Test Case: TC_AUTH_009 - Status: PASSED (15ms)

[2026-07-19T18:38:52.183Z] INFO: Starting Test Case: TC_AUTH_010 - Authentication validation check - Scenario 10 [Priority: MEDIUM]
[2026-07-19T18:38:52.183Z] INFO: Running E2E: Invalid OTP...
[2026-07-19T18:38:52.183Z] INFO: Finished Test Case: TC_AUTH_010 - Status: PASSED (0ms)

[2026-07-19T18:38:52.183Z] INFO: Starting Test Case: TC_AUTH_011 - Authentication validation check - Scenario 11 [Priority: CRITICAL]
[2026-07-19T18:38:52.207Z] INFO: Finished Test Case: TC_AUTH_011 - Status: PASSED (24ms)

[2026-07-19T18:38:52.207Z] INFO: Starting Test Case: TC_AUTH_012 - Authentication validation check - Scenario 12 [Priority: HIGH]
[2026-07-19T18:38:52.252Z] INFO: Finished Test Case: TC_AUTH_012 - Status: PASSED (45ms)

[2026-07-19T18:38:52.252Z] INFO: Starting Test Case: TC_AUTH_013 - Authentication validation check - Scenario 13 [Priority: HIGH]
[2026-07-19T18:38:52.300Z] INFO: Finished Test Case: TC_AUTH_013 - Status: PASSED (48ms)

[2026-07-19T18:38:52.301Z] INFO: Starting Test Case: TC_AUTH_014 - Authentication validation check - Scenario 14 [Priority: LOW]
[2026-07-19T18:38:52.324Z] INFO: Finished Test Case: TC_AUTH_014 - Status: PASSED (23ms)

[2026-07-19T18:38:52.324Z] INFO: Starting Test Case: TC_AUTH_015 - Authentication validation check - Scenario 15 [Priority: MEDIUM]
[2026-07-19T18:38:52.366Z] INFO: Finished Test Case: TC_AUTH_015 - Status: PASSED (42ms)

[2026-07-19T18:38:52.367Z] INFO: Starting Test Case: TC_AUTH_016 - Authentication validation check - Scenario 16 [Priority: CRITICAL]
[2026-07-19T18:38:52.398Z] INFO: Finished Test Case: TC_AUTH_016 - Status: PASSED (31ms)

[2026-07-19T18:38:52.398Z] INFO: Starting Test Case: TC_AUTH_017 - Authentication validation check - Scenario 17 [Priority: HIGH]
[2026-07-19T18:38:52.429Z] INFO: Finished Test Case: TC_AUTH_017 - Status: PASSED (31ms)

[2026-07-19T18:38:52.429Z] INFO: Starting Test Case: TC_AUTH_018 - Authentication validation check - Scenario 18 [Priority: HIGH]
[2026-07-19T18:38:52.471Z] INFO: Finished Test Case: TC_AUTH_018 - Status: PASSED (42ms)

[2026-07-19T18:38:52.471Z] INFO: Starting Test Case: TC_AUTH_019 - Authentication validation check - Scenario 19 [Priority: LOW]
[2026-07-19T18:38:52.502Z] INFO: Finished Test Case: TC_AUTH_019 - Status: PASSED (31ms)

[2026-07-19T18:38:52.502Z] INFO: Starting Test Case: TC_AUTH_020 - Authentication validation check - Scenario 20 [Priority: MEDIUM]
[2026-07-19T18:38:52.513Z] INFO: Finished Test Case: TC_AUTH_020 - Status: PASSED (11ms)

[2026-07-19T18:38:52.514Z] INFO: Starting Test Case: TC_AUTH_021 - Authentication validation check - Scenario 21 [Priority: CRITICAL]
[2026-07-19T18:38:52.538Z] INFO: Finished Test Case: TC_AUTH_021 - Status: PASSED (24ms)

[2026-07-19T18:38:52.538Z] INFO: Starting Test Case: TC_AUTH_022 - Authentication validation check - Scenario 22 [Priority: HIGH]
[2026-07-19T18:38:52.544Z] INFO: Finished Test Case: TC_AUTH_022 - Status: PASSED (6ms)

[2026-07-19T18:38:52.544Z] INFO: Starting Test Case: TC_AUTH_023 - Authentication validation check - Scenario 23 [Priority: HIGH]
[2026-07-19T18:38:52.578Z] INFO: Finished Test Case: TC_AUTH_023 - Status: PASSED (34ms)

[2026-07-19T18:38:52.578Z] INFO: Starting Test Case: TC_AUTH_024 - Authentication validation check - Scenario 24 [Priority: LOW]
[2026-07-19T18:38:52.598Z] INFO: Finished Test Case: TC_AUTH_024 - Status: PASSED (20ms)

[2026-07-19T18:38:52.598Z] INFO: Starting Test Case: TC_AUTH_025 - Authentication validation check - Scenario 25 [Priority: MEDIUM]
[2026-07-19T18:38:52.643Z] INFO: Finished Test Case: TC_AUTH_025 - Status: PASSED (45ms)

[2026-07-19T18:38:52.644Z] INFO: Starting Test Case: TC_AUTH_026 - Authentication validation check - Scenario 26 [Priority: CRITICAL]
[2026-07-19T18:38:52.649Z] INFO: Finished Test Case: TC_AUTH_026 - Status: PASSED (5ms)

[2026-07-19T18:38:52.649Z] INFO: Starting Test Case: TC_AUTH_027 - Authentication validation check - Scenario 27 [Priority: HIGH]
[2026-07-19T18:38:52.664Z] INFO: Finished Test Case: TC_AUTH_027 - Status: PASSED (15ms)

[2026-07-19T18:38:52.664Z] INFO: Starting Test Case: TC_AUTH_028 - Authentication validation check - Scenario 28 [Priority: HIGH]
[2026-07-19T18:38:52.686Z] INFO: Finished Test Case: TC_AUTH_028 - Status: PASSED (22ms)

[2026-07-19T18:38:52.687Z] INFO: Starting Test Case: TC_AUTH_029 - Authentication validation check - Scenario 29 [Priority: LOW]
[2026-07-19T18:38:52.698Z] INFO: Finished Test Case: TC_AUTH_029 - Status: PASSED (11ms)

[2026-07-19T18:38:52.698Z] INFO: Starting Test Case: TC_AUTH_030 - Authentication validation check - Scenario 30 [Priority: MEDIUM]
[2026-07-19T18:38:52.742Z] INFO: Finished Test Case: TC_AUTH_030 - Status: PASSED (44ms)

[2026-07-19T18:38:52.742Z] INFO: Starting Test Case: TC_AUTH_031 - Authentication validation check - Scenario 31 [Priority: CRITICAL]
[2026-07-19T18:38:52.785Z] INFO: Finished Test Case: TC_AUTH_031 - Status: PASSED (43ms)

[2026-07-19T18:38:52.785Z] INFO: Starting Test Case: TC_AUTH_032 - Authentication validation check - Scenario 32 [Priority: HIGH]
[2026-07-19T18:38:52.804Z] INFO: Finished Test Case: TC_AUTH_032 - Status: PASSED (19ms)

[2026-07-19T18:38:52.804Z] INFO: Starting Test Case: TC_AUTH_033 - Authentication validation check - Scenario 33 [Priority: HIGH]
[2026-07-19T18:38:52.849Z] INFO: Finished Test Case: TC_AUTH_033 - Status: PASSED (45ms)

[2026-07-19T18:38:52.850Z] INFO: Starting Test Case: TC_AUTH_034 - Authentication validation check - Scenario 34 [Priority: LOW]
[2026-07-19T18:38:52.864Z] INFO: Finished Test Case: TC_AUTH_034 - Status: PASSED (14ms)

[2026-07-19T18:38:52.864Z] INFO: Starting Test Case: TC_AUTH_035 - Authentication validation check - Scenario 35 [Priority: MEDIUM]
[2026-07-19T18:38:52.893Z] INFO: Finished Test Case: TC_AUTH_035 - Status: PASSED (29ms)

[2026-07-19T18:38:52.893Z] INFO: Starting Test Case: TC_AUTH_036 - Authentication validation check - Scenario 36 [Priority: CRITICAL]
[2026-07-19T18:38:52.918Z] INFO: Finished Test Case: TC_AUTH_036 - Status: PASSED (25ms)

[2026-07-19T18:38:52.918Z] INFO: Starting Test Case: TC_AUTH_037 - Authentication validation check - Scenario 37 [Priority: HIGH]
[2026-07-19T18:38:52.957Z] INFO: Finished Test Case: TC_AUTH_037 - Status: PASSED (39ms)

[2026-07-19T18:38:52.957Z] INFO: Starting Test Case: TC_AUTH_038 - Authentication validation check - Scenario 38 [Priority: HIGH]
[2026-07-19T18:38:52.989Z] INFO: Finished Test Case: TC_AUTH_038 - Status: PASSED (32ms)

[2026-07-19T18:38:52.990Z] INFO: Starting Test Case: TC_AUTH_039 - Authentication validation check - Scenario 39 [Priority: LOW]
[2026-07-19T18:38:52.998Z] INFO: Finished Test Case: TC_AUTH_039 - Status: PASSED (8ms)

[2026-07-19T18:38:52.998Z] INFO: Starting Test Case: TC_AUTH_040 - Authentication validation check - Scenario 40 [Priority: MEDIUM]
[2026-07-19T18:38:53.017Z] INFO: Finished Test Case: TC_AUTH_040 - Status: PASSED (19ms)

[2026-07-19T18:38:53.017Z] INFO: Starting Test Case: TC_AZ_001 - Authorization validation check - Scenario 1 [Priority: CRITICAL]
[2026-07-19T18:38:53.030Z] INFO: Finished Test Case: TC_AZ_001 - Status: PASSED (13ms)

[2026-07-19T18:38:53.031Z] INFO: Starting Test Case: TC_AZ_002 - Authorization validation check - Scenario 2 [Priority: HIGH]
[2026-07-19T18:38:53.055Z] INFO: Finished Test Case: TC_AZ_002 - Status: PASSED (24ms)

[2026-07-19T18:38:53.055Z] INFO: Starting Test Case: TC_AZ_003 - Authorization validation check - Scenario 3 [Priority: HIGH]
[2026-07-19T18:38:53.074Z] INFO: Finished Test Case: TC_AZ_003 - Status: PASSED (19ms)

[2026-07-19T18:38:53.074Z] INFO: Starting Test Case: TC_AZ_004 - Authorization validation check - Scenario 4 [Priority: LOW]
[2026-07-19T18:38:53.074Z] INFO: Running E2E: Check push notifications...
[2026-07-19T18:38:53.074Z] INFO: Finished Test Case: TC_AZ_004 - Status: PASSED (0ms)

[2026-07-19T18:38:53.074Z] INFO: Starting Test Case: TC_AZ_005 - Authorization validation check - Scenario 5 [Priority: MEDIUM]
[2026-07-19T18:38:53.108Z] INFO: Finished Test Case: TC_AZ_005 - Status: PASSED (34ms)

[2026-07-19T18:38:53.108Z] INFO: Starting Test Case: TC_AZ_006 - Authorization validation check - Scenario 6 [Priority: CRITICAL]
[2026-07-19T18:38:53.132Z] INFO: Finished Test Case: TC_AZ_006 - Status: PASSED (24ms)

[2026-07-19T18:38:53.132Z] INFO: Starting Test Case: TC_AZ_007 - Authorization validation check - Scenario 7 [Priority: HIGH]
[2026-07-19T18:38:53.161Z] INFO: Finished Test Case: TC_AZ_007 - Status: PASSED (29ms)

[2026-07-19T18:38:53.161Z] INFO: Starting Test Case: TC_AZ_008 - Authorization validation check - Scenario 8 [Priority: HIGH]
[2026-07-19T18:38:53.172Z] INFO: Finished Test Case: TC_AZ_008 - Status: PASSED (11ms)

[2026-07-19T18:38:53.172Z] INFO: Starting Test Case: TC_AZ_009 - Authorization validation check - Scenario 9 [Priority: LOW]
[2026-07-19T18:38:53.182Z] INFO: Finished Test Case: TC_AZ_009 - Status: PASSED (10ms)

[2026-07-19T18:38:53.182Z] INFO: Starting Test Case: TC_AZ_010 - Authorization validation check - Scenario 10 [Priority: MEDIUM]
[2026-07-19T18:38:53.188Z] INFO: Finished Test Case: TC_AZ_010 - Status: PASSED (6ms)

[2026-07-19T18:38:53.188Z] INFO: Starting Test Case: TC_AZ_011 - Authorization validation check - Scenario 11 [Priority: CRITICAL]
[2026-07-19T18:38:53.215Z] INFO: Finished Test Case: TC_AZ_011 - Status: PASSED (27ms)

[2026-07-19T18:38:53.215Z] INFO: Starting Test Case: TC_AZ_012 - Authorization validation check - Scenario 12 [Priority: HIGH]
[2026-07-19T18:38:53.234Z] INFO: Finished Test Case: TC_AZ_012 - Status: PASSED (19ms)

[2026-07-19T18:38:53.234Z] INFO: Starting Test Case: TC_AZ_013 - Authorization validation check - Scenario 13 [Priority: HIGH]
[2026-07-19T18:38:53.245Z] INFO: Finished Test Case: TC_AZ_013 - Status: PASSED (11ms)

[2026-07-19T18:38:53.245Z] INFO: Starting Test Case: TC_AZ_014 - Authorization validation check - Scenario 14 [Priority: LOW]
[2026-07-19T18:38:53.280Z] INFO: Finished Test Case: TC_AZ_014 - Status: PASSED (35ms)

[2026-07-19T18:38:53.280Z] INFO: Starting Test Case: TC_AZ_015 - Authorization validation check - Scenario 15 [Priority: MEDIUM]
[2026-07-19T18:38:53.318Z] INFO: Finished Test Case: TC_AZ_015 - Status: PASSED (38ms)

[2026-07-19T18:38:53.319Z] INFO: Starting Test Case: TC_AZ_016 - Authorization validation check - Scenario 16 [Priority: CRITICAL]
[2026-07-19T18:38:53.340Z] INFO: Finished Test Case: TC_AZ_016 - Status: PASSED (21ms)

[2026-07-19T18:38:53.340Z] INFO: Starting Test Case: TC_AZ_017 - Authorization validation check - Scenario 17 [Priority: HIGH]
[2026-07-19T18:38:53.360Z] INFO: Finished Test Case: TC_AZ_017 - Status: PASSED (20ms)

[2026-07-19T18:38:53.360Z] INFO: Starting Test Case: TC_AZ_018 - Authorization validation check - Scenario 18 [Priority: HIGH]
[2026-07-19T18:38:53.395Z] INFO: Finished Test Case: TC_AZ_018 - Status: PASSED (35ms)

[2026-07-19T18:38:53.395Z] INFO: Starting Test Case: TC_AZ_019 - Authorization validation check - Scenario 19 [Priority: LOW]
[2026-07-19T18:38:53.435Z] INFO: Finished Test Case: TC_AZ_019 - Status: PASSED (40ms)

[2026-07-19T18:38:53.435Z] INFO: Starting Test Case: TC_AZ_020 - Authorization validation check - Scenario 20 [Priority: MEDIUM]
[2026-07-19T18:38:53.469Z] INFO: Finished Test Case: TC_AZ_020 - Status: PASSED (34ms)

[2026-07-19T18:38:53.470Z] INFO: Starting Test Case: TC_AZ_021 - Authorization validation check - Scenario 21 [Priority: CRITICAL]
[2026-07-19T18:38:53.482Z] INFO: Finished Test Case: TC_AZ_021 - Status: PASSED (12ms)

[2026-07-19T18:38:53.482Z] INFO: Starting Test Case: TC_AZ_022 - Authorization validation check - Scenario 22 [Priority: HIGH]
[2026-07-19T18:38:53.498Z] INFO: Finished Test Case: TC_AZ_022 - Status: PASSED (15ms)

[2026-07-19T18:38:53.498Z] INFO: Starting Test Case: TC_AZ_023 - Authorization validation check - Scenario 23 [Priority: HIGH]
[2026-07-19T18:38:53.505Z] INFO: Finished Test Case: TC_AZ_023 - Status: PASSED (7ms)

[2026-07-19T18:38:53.505Z] INFO: Starting Test Case: TC_AZ_024 - Authorization validation check - Scenario 24 [Priority: LOW]
[2026-07-19T18:38:53.546Z] INFO: Finished Test Case: TC_AZ_024 - Status: PASSED (41ms)

[2026-07-19T18:38:53.546Z] INFO: Starting Test Case: TC_AZ_025 - Authorization validation check - Scenario 25 [Priority: MEDIUM]
[2026-07-19T18:38:53.596Z] INFO: Finished Test Case: TC_AZ_025 - Status: PASSED (50ms)

[2026-07-19T18:38:53.596Z] INFO: Starting Test Case: TC_AZ_026 - Authorization validation check - Scenario 26 [Priority: CRITICAL]
[2026-07-19T18:38:53.640Z] INFO: Finished Test Case: TC_AZ_026 - Status: PASSED (44ms)

[2026-07-19T18:38:53.640Z] INFO: Starting Test Case: TC_AZ_027 - Authorization validation check - Scenario 27 [Priority: HIGH]
[2026-07-19T18:38:53.657Z] INFO: Finished Test Case: TC_AZ_027 - Status: PASSED (17ms)

[2026-07-19T18:38:53.658Z] INFO: Starting Test Case: TC_AZ_028 - Authorization validation check - Scenario 28 [Priority: HIGH]
[2026-07-19T18:38:53.703Z] INFO: Finished Test Case: TC_AZ_028 - Status: PASSED (45ms)

[2026-07-19T18:38:53.703Z] INFO: Starting Test Case: TC_AZ_029 - Authorization validation check - Scenario 29 [Priority: LOW]
[2026-07-19T18:38:53.734Z] INFO: Finished Test Case: TC_AZ_029 - Status: PASSED (31ms)

[2026-07-19T18:38:53.735Z] INFO: Starting Test Case: TC_AZ_030 - Authorization validation check - Scenario 30 [Priority: MEDIUM]
[2026-07-19T18:38:53.776Z] INFO: Finished Test Case: TC_AZ_030 - Status: PASSED (41ms)

[2026-07-19T18:38:53.776Z] INFO: Starting Test Case: TC_AZ_031 - Authorization validation check - Scenario 31 [Priority: CRITICAL]
[2026-07-19T18:38:53.822Z] INFO: Finished Test Case: TC_AZ_031 - Status: PASSED (46ms)

[2026-07-19T18:38:53.823Z] INFO: Starting Test Case: TC_AZ_032 - Authorization validation check - Scenario 32 [Priority: HIGH]
[2026-07-19T18:38:53.838Z] INFO: Finished Test Case: TC_AZ_032 - Status: PASSED (15ms)

[2026-07-19T18:38:53.838Z] INFO: Starting Test Case: TC_AZ_033 - Authorization validation check - Scenario 33 [Priority: HIGH]
[2026-07-19T18:38:53.851Z] INFO: Finished Test Case: TC_AZ_033 - Status: PASSED (13ms)

[2026-07-19T18:38:53.851Z] INFO: Starting Test Case: TC_AZ_034 - Authorization validation check - Scenario 34 [Priority: LOW]
[2026-07-19T18:38:53.900Z] INFO: Finished Test Case: TC_AZ_034 - Status: PASSED (49ms)

[2026-07-19T18:38:53.900Z] INFO: Starting Test Case: TC_AZ_035 - Authorization validation check - Scenario 35 [Priority: MEDIUM]
[2026-07-19T18:38:53.911Z] INFO: Finished Test Case: TC_AZ_035 - Status: PASSED (11ms)

[2026-07-19T18:38:53.911Z] INFO: Starting Test Case: TC_AZ_036 - Authorization validation check - Scenario 36 [Priority: CRITICAL]
[2026-07-19T18:38:53.918Z] INFO: Finished Test Case: TC_AZ_036 - Status: PASSED (7ms)

[2026-07-19T18:38:53.918Z] INFO: Starting Test Case: TC_AZ_037 - Authorization validation check - Scenario 37 [Priority: HIGH]
[2026-07-19T18:38:53.934Z] INFO: Finished Test Case: TC_AZ_037 - Status: PASSED (16ms)

[2026-07-19T18:38:53.934Z] INFO: Starting Test Case: TC_AZ_038 - Authorization validation check - Scenario 38 [Priority: HIGH]
[2026-07-19T18:38:53.946Z] INFO: Finished Test Case: TC_AZ_038 - Status: PASSED (12ms)

[2026-07-19T18:38:53.946Z] INFO: Starting Test Case: TC_AZ_039 - Authorization validation check - Scenario 39 [Priority: LOW]
[2026-07-19T18:38:53.985Z] INFO: Finished Test Case: TC_AZ_039 - Status: PASSED (39ms)

[2026-07-19T18:38:53.986Z] INFO: Starting Test Case: TC_AZ_040 - Authorization validation check - Scenario 40 [Priority: MEDIUM]
[2026-07-19T18:38:53.991Z] INFO: Finished Test Case: TC_AZ_040 - Status: PASSED (5ms)

[2026-07-19T18:38:53.991Z] INFO: Starting Test Case: TC_NAV_001 - Navigation validation check - Scenario 1 [Priority: CRITICAL]
[2026-07-19T18:38:54.025Z] INFO: Finished Test Case: TC_NAV_001 - Status: PASSED (34ms)

[2026-07-19T18:38:54.025Z] INFO: Starting Test Case: TC_NAV_002 - Navigation validation check - Scenario 2 [Priority: HIGH]
[2026-07-19T18:38:54.043Z] INFO: Finished Test Case: TC_NAV_002 - Status: PASSED (18ms)

[2026-07-19T18:38:54.043Z] INFO: Starting Test Case: TC_NAV_003 - Navigation validation check - Scenario 3 [Priority: HIGH]
[2026-07-19T18:38:54.043Z] INFO: Running E2E: Search Existing Record...
[2026-07-19T18:38:54.043Z] INFO: Tapping on element: Home Tab (a[href$="/"])
[2026-07-19T18:39:00.288Z] ERROR: Failure during real E2E execution of TC_NAV_003: Can't call setValue on element with selector "#home-search-input" because element wasn't found
[2026-07-19T18:39:00.289Z] INFO: Finished Test Case: TC_NAV_003 - Status: FAILED (6246ms)

[2026-07-19T18:39:00.289Z] INFO: Starting Test Case: TC_NAV_004 - Navigation validation check - Scenario 4 [Priority: LOW]
[2026-07-19T18:39:00.316Z] INFO: Finished Test Case: TC_NAV_004 - Status: PASSED (27ms)

[2026-07-19T18:39:00.316Z] INFO: Starting Test Case: TC_NAV_005 - Navigation validation check - Scenario 5 [Priority: MEDIUM]
[2026-07-19T18:39:00.326Z] INFO: Finished Test Case: TC_NAV_005 - Status: PASSED (10ms)

[2026-07-19T18:39:00.326Z] INFO: Starting Test Case: TC_NAV_006 - Navigation validation check - Scenario 6 [Priority: CRITICAL]
[2026-07-19T18:39:00.372Z] INFO: Finished Test Case: TC_NAV_006 - Status: PASSED (46ms)

[2026-07-19T18:39:00.372Z] INFO: Starting Test Case: TC_NAV_007 - Navigation validation check - Scenario 7 [Priority: HIGH]
[2026-07-19T18:39:00.394Z] INFO: Finished Test Case: TC_NAV_007 - Status: PASSED (22ms)

[2026-07-19T18:39:00.395Z] INFO: Starting Test Case: TC_NAV_008 - Navigation validation check - Scenario 8 [Priority: HIGH]
[2026-07-19T18:39:00.406Z] INFO: Finished Test Case: TC_NAV_008 - Status: PASSED (11ms)

[2026-07-19T18:39:00.406Z] INFO: Starting Test Case: TC_NAV_009 - Navigation validation check - Scenario 9 [Priority: LOW]
[2026-07-19T18:39:00.414Z] INFO: Finished Test Case: TC_NAV_009 - Status: PASSED (8ms)

[2026-07-19T18:39:00.414Z] INFO: Starting Test Case: TC_NAV_010 - Navigation validation check - Scenario 10 [Priority: MEDIUM]
[2026-07-19T18:39:00.432Z] INFO: Finished Test Case: TC_NAV_010 - Status: PASSED (18ms)

[2026-07-19T18:39:00.433Z] INFO: Starting Test Case: TC_NAV_011 - Navigation validation check - Scenario 11 [Priority: CRITICAL]
[2026-07-19T18:39:00.458Z] INFO: Finished Test Case: TC_NAV_011 - Status: PASSED (26ms)

[2026-07-19T18:39:00.458Z] INFO: Starting Test Case: TC_NAV_012 - Navigation validation check - Scenario 12 [Priority: HIGH]
[2026-07-19T18:39:00.500Z] INFO: Finished Test Case: TC_NAV_012 - Status: PASSED (42ms)

[2026-07-19T18:39:00.500Z] INFO: Starting Test Case: TC_NAV_013 - Navigation validation check - Scenario 13 [Priority: HIGH]
[2026-07-19T18:39:00.534Z] INFO: Finished Test Case: TC_NAV_013 - Status: PASSED (34ms)

[2026-07-19T18:39:00.534Z] INFO: Starting Test Case: TC_NAV_014 - Navigation validation check - Scenario 14 [Priority: LOW]
[2026-07-19T18:39:00.557Z] INFO: Finished Test Case: TC_NAV_014 - Status: PASSED (23ms)

[2026-07-19T18:39:00.557Z] INFO: Starting Test Case: TC_NAV_015 - Navigation validation check - Scenario 15 [Priority: MEDIUM]
[2026-07-19T18:39:00.570Z] INFO: Finished Test Case: TC_NAV_015 - Status: PASSED (13ms)

[2026-07-19T18:39:00.570Z] INFO: Starting Test Case: TC_NAV_016 - Navigation validation check - Scenario 16 [Priority: CRITICAL]
[2026-07-19T18:39:00.590Z] INFO: Finished Test Case: TC_NAV_016 - Status: PASSED (20ms)

[2026-07-19T18:39:00.590Z] INFO: Starting Test Case: TC_NAV_017 - Navigation validation check - Scenario 17 [Priority: HIGH]
[2026-07-19T18:39:00.612Z] INFO: Finished Test Case: TC_NAV_017 - Status: PASSED (22ms)

[2026-07-19T18:39:00.612Z] INFO: Starting Test Case: TC_NAV_018 - Navigation validation check - Scenario 18 [Priority: HIGH]
[2026-07-19T18:39:00.648Z] INFO: Finished Test Case: TC_NAV_018 - Status: PASSED (36ms)

[2026-07-19T18:39:00.648Z] INFO: Starting Test Case: TC_NAV_019 - Navigation validation check - Scenario 19 [Priority: LOW]
[2026-07-19T18:39:00.655Z] INFO: Finished Test Case: TC_NAV_019 - Status: PASSED (7ms)

[2026-07-19T18:39:00.655Z] INFO: Starting Test Case: TC_NAV_020 - Navigation validation check - Scenario 20 [Priority: MEDIUM]
[2026-07-19T18:39:00.670Z] INFO: Finished Test Case: TC_NAV_020 - Status: PASSED (15ms)

[2026-07-19T18:39:00.670Z] INFO: Starting Test Case: TC_NAV_021 - Navigation validation check - Scenario 21 [Priority: CRITICAL]
[2026-07-19T18:39:00.681Z] INFO: Finished Test Case: TC_NAV_021 - Status: PASSED (11ms)

[2026-07-19T18:39:00.681Z] INFO: Starting Test Case: TC_NAV_022 - Navigation validation check - Scenario 22 [Priority: HIGH]
[2026-07-19T18:39:00.695Z] INFO: Finished Test Case: TC_NAV_022 - Status: PASSED (14ms)

[2026-07-19T18:39:00.695Z] INFO: Starting Test Case: TC_NAV_023 - Navigation validation check - Scenario 23 [Priority: HIGH]
[2026-07-19T18:39:00.722Z] INFO: Finished Test Case: TC_NAV_023 - Status: PASSED (27ms)

[2026-07-19T18:39:00.723Z] INFO: Starting Test Case: TC_NAV_024 - Navigation validation check - Scenario 24 [Priority: LOW]
[2026-07-19T18:39:00.731Z] INFO: Finished Test Case: TC_NAV_024 - Status: PASSED (8ms)

[2026-07-19T18:39:00.731Z] INFO: Starting Test Case: TC_NAV_025 - Navigation validation check - Scenario 25 [Priority: MEDIUM]
[2026-07-19T18:39:00.758Z] INFO: Finished Test Case: TC_NAV_025 - Status: PASSED (27ms)

[2026-07-19T18:39:00.758Z] INFO: Starting Test Case: TC_NAV_026 - Navigation validation check - Scenario 26 [Priority: CRITICAL]
[2026-07-19T18:39:00.792Z] INFO: Finished Test Case: TC_NAV_026 - Status: PASSED (34ms)

[2026-07-19T18:39:00.792Z] INFO: Starting Test Case: TC_NAV_027 - Navigation validation check - Scenario 27 [Priority: HIGH]
[2026-07-19T18:39:00.801Z] INFO: Finished Test Case: TC_NAV_027 - Status: PASSED (9ms)

[2026-07-19T18:39:00.801Z] INFO: Starting Test Case: TC_NAV_028 - Navigation validation check - Scenario 28 [Priority: HIGH]
[2026-07-19T18:39:00.833Z] INFO: Finished Test Case: TC_NAV_028 - Status: PASSED (32ms)

[2026-07-19T18:39:00.833Z] INFO: Starting Test Case: TC_NAV_029 - Navigation validation check - Scenario 29 [Priority: LOW]
[2026-07-19T18:39:00.874Z] INFO: Finished Test Case: TC_NAV_029 - Status: PASSED (41ms)

[2026-07-19T18:39:00.874Z] INFO: Starting Test Case: TC_NAV_030 - Navigation validation check - Scenario 30 [Priority: MEDIUM]
[2026-07-19T18:39:00.887Z] INFO: Finished Test Case: TC_NAV_030 - Status: PASSED (13ms)

[2026-07-19T18:39:00.887Z] INFO: Starting Test Case: TC_UI_001 - UI Validation validation check - Scenario 1 [Priority: CRITICAL]
[2026-07-19T18:39:00.929Z] INFO: Finished Test Case: TC_UI_001 - Status: PASSED (42ms)

[2026-07-19T18:39:00.929Z] INFO: Starting Test Case: TC_UI_002 - UI Validation validation check - Scenario 2 [Priority: HIGH]
[2026-07-19T18:39:00.954Z] INFO: Finished Test Case: TC_UI_002 - Status: PASSED (25ms)

[2026-07-19T18:39:00.954Z] INFO: Starting Test Case: TC_UI_003 - UI Validation validation check - Scenario 3 [Priority: HIGH]
[2026-07-19T18:39:00.978Z] INFO: Finished Test Case: TC_UI_003 - Status: PASSED (24ms)

[2026-07-19T18:39:00.979Z] INFO: Starting Test Case: TC_UI_004 - UI Validation validation check - Scenario 4 [Priority: LOW]
[2026-07-19T18:39:01.016Z] INFO: Finished Test Case: TC_UI_004 - Status: PASSED (37ms)

[2026-07-19T18:39:01.016Z] INFO: Starting Test Case: TC_UI_005 - UI Validation validation check - Scenario 5 [Priority: MEDIUM]
[2026-07-19T18:39:01.063Z] INFO: Finished Test Case: TC_UI_005 - Status: PASSED (47ms)

[2026-07-19T18:39:01.064Z] INFO: Starting Test Case: TC_UI_006 - UI Validation validation check - Scenario 6 [Priority: CRITICAL]
[2026-07-19T18:39:01.076Z] INFO: Finished Test Case: TC_UI_006 - Status: PASSED (12ms)

[2026-07-19T18:39:01.076Z] INFO: Starting Test Case: TC_UI_007 - UI Validation validation check - Scenario 7 [Priority: HIGH]
[2026-07-19T18:39:01.120Z] INFO: Finished Test Case: TC_UI_007 - Status: PASSED (44ms)

[2026-07-19T18:39:01.120Z] INFO: Starting Test Case: TC_UI_008 - UI Validation validation check - Scenario 8 [Priority: HIGH]
[2026-07-19T18:39:01.149Z] INFO: Finished Test Case: TC_UI_008 - Status: PASSED (29ms)

[2026-07-19T18:39:01.149Z] INFO: Starting Test Case: TC_UI_009 - UI Validation validation check - Scenario 9 [Priority: LOW]
[2026-07-19T18:39:01.172Z] INFO: Finished Test Case: TC_UI_009 - Status: PASSED (22ms)

[2026-07-19T18:39:01.172Z] INFO: Starting Test Case: TC_UI_010 - UI Validation validation check - Scenario 10 [Priority: MEDIUM]
[2026-07-19T18:39:01.211Z] INFO: Finished Test Case: TC_UI_010 - Status: PASSED (39ms)

[2026-07-19T18:39:01.211Z] INFO: Starting Test Case: TC_UI_011 - UI Validation validation check - Scenario 11 [Priority: CRITICAL]
[2026-07-19T18:39:01.256Z] INFO: Finished Test Case: TC_UI_011 - Status: PASSED (45ms)

[2026-07-19T18:39:01.257Z] INFO: Starting Test Case: TC_UI_012 - UI Validation validation check - Scenario 12 [Priority: HIGH]
[2026-07-19T18:39:01.268Z] INFO: Finished Test Case: TC_UI_012 - Status: PASSED (11ms)

[2026-07-19T18:39:01.268Z] INFO: Starting Test Case: TC_UI_013 - UI Validation validation check - Scenario 13 [Priority: HIGH]
[2026-07-19T18:39:01.302Z] INFO: Finished Test Case: TC_UI_013 - Status: PASSED (34ms)

[2026-07-19T18:39:01.303Z] INFO: Starting Test Case: TC_UI_014 - UI Validation validation check - Scenario 14 [Priority: LOW]
[2026-07-19T18:39:01.312Z] INFO: Finished Test Case: TC_UI_014 - Status: PASSED (9ms)

[2026-07-19T18:39:01.312Z] INFO: Starting Test Case: TC_UI_015 - UI Validation validation check - Scenario 15 [Priority: MEDIUM]
[2026-07-19T18:39:01.349Z] INFO: Finished Test Case: TC_UI_015 - Status: PASSED (37ms)

[2026-07-19T18:39:01.350Z] INFO: Starting Test Case: TC_UI_016 - UI Validation validation check - Scenario 16 [Priority: CRITICAL]
[2026-07-19T18:39:01.382Z] INFO: Finished Test Case: TC_UI_016 - Status: PASSED (32ms)

[2026-07-19T18:39:01.382Z] INFO: Starting Test Case: TC_UI_017 - UI Validation validation check - Scenario 17 [Priority: HIGH]
[2026-07-19T18:39:01.422Z] INFO: Finished Test Case: TC_UI_017 - Status: PASSED (40ms)

[2026-07-19T18:39:01.423Z] INFO: Starting Test Case: TC_UI_018 - UI Validation validation check - Scenario 18 [Priority: HIGH]
[2026-07-19T18:39:01.465Z] INFO: Finished Test Case: TC_UI_018 - Status: PASSED (42ms)

[2026-07-19T18:39:01.465Z] INFO: Starting Test Case: TC_UI_019 - UI Validation validation check - Scenario 19 [Priority: LOW]
[2026-07-19T18:39:01.475Z] INFO: Finished Test Case: TC_UI_019 - Status: PASSED (10ms)

[2026-07-19T18:39:01.476Z] INFO: Starting Test Case: TC_UI_020 - UI Validation validation check - Scenario 20 [Priority: MEDIUM]
[2026-07-19T18:39:01.486Z] INFO: Finished Test Case: TC_UI_020 - Status: PASSED (10ms)

[2026-07-19T18:39:01.486Z] INFO: Starting Test Case: TC_UI_021 - UI Validation validation check - Scenario 21 [Priority: CRITICAL]
[2026-07-19T18:39:01.526Z] INFO: Finished Test Case: TC_UI_021 - Status: PASSED (40ms)

[2026-07-19T18:39:01.526Z] INFO: Starting Test Case: TC_UI_022 - UI Validation validation check - Scenario 22 [Priority: HIGH]
[2026-07-19T18:39:01.538Z] INFO: Finished Test Case: TC_UI_022 - Status: PASSED (12ms)

[2026-07-19T18:39:01.538Z] INFO: Starting Test Case: TC_UI_023 - UI Validation validation check - Scenario 23 [Priority: HIGH]
[2026-07-19T18:39:01.545Z] INFO: Finished Test Case: TC_UI_023 - Status: PASSED (7ms)

[2026-07-19T18:39:01.546Z] INFO: Starting Test Case: TC_UI_024 - UI Validation validation check - Scenario 24 [Priority: LOW]
[2026-07-19T18:39:01.580Z] INFO: Finished Test Case: TC_UI_024 - Status: PASSED (35ms)

[2026-07-19T18:39:01.580Z] INFO: Starting Test Case: TC_UI_025 - UI Validation validation check - Scenario 25 [Priority: MEDIUM]
[2026-07-19T18:39:01.619Z] INFO: Finished Test Case: TC_UI_025 - Status: PASSED (39ms)

[2026-07-19T18:39:01.620Z] INFO: Starting Test Case: TC_UI_026 - UI Validation validation check - Scenario 26 [Priority: CRITICAL]
[2026-07-19T18:39:01.656Z] INFO: Finished Test Case: TC_UI_026 - Status: PASSED (36ms)

[2026-07-19T18:39:01.656Z] INFO: Starting Test Case: TC_UI_027 - UI Validation validation check - Scenario 27 [Priority: HIGH]
[2026-07-19T18:39:01.662Z] INFO: Finished Test Case: TC_UI_027 - Status: PASSED (6ms)

[2026-07-19T18:39:01.662Z] INFO: Starting Test Case: TC_UI_028 - UI Validation validation check - Scenario 28 [Priority: HIGH]
[2026-07-19T18:39:01.707Z] INFO: Finished Test Case: TC_UI_028 - Status: PASSED (45ms)

[2026-07-19T18:39:01.707Z] INFO: Starting Test Case: TC_UI_029 - UI Validation validation check - Scenario 29 [Priority: LOW]
[2026-07-19T18:39:01.754Z] INFO: Finished Test Case: TC_UI_029 - Status: PASSED (47ms)

[2026-07-19T18:39:01.754Z] INFO: Starting Test Case: TC_UI_030 - UI Validation validation check - Scenario 30 [Priority: MEDIUM]
[2026-07-19T18:39:01.785Z] INFO: Finished Test Case: TC_UI_030 - Status: PASSED (31ms)

[2026-07-19T18:39:01.785Z] INFO: Starting Test Case: TC_UI_031 - UI Validation validation check - Scenario 31 [Priority: CRITICAL]
[2026-07-19T18:39:01.823Z] INFO: Finished Test Case: TC_UI_031 - Status: PASSED (38ms)

[2026-07-19T18:39:01.823Z] INFO: Starting Test Case: TC_UI_032 - UI Validation validation check - Scenario 32 [Priority: HIGH]
[2026-07-19T18:39:01.837Z] INFO: Finished Test Case: TC_UI_032 - Status: PASSED (14ms)

[2026-07-19T18:39:01.837Z] INFO: Starting Test Case: TC_UI_033 - UI Validation validation check - Scenario 33 [Priority: HIGH]
[2026-07-19T18:39:01.880Z] INFO: Finished Test Case: TC_UI_033 - Status: PASSED (43ms)

[2026-07-19T18:39:01.880Z] INFO: Starting Test Case: TC_UI_034 - UI Validation validation check - Scenario 34 [Priority: LOW]
[2026-07-19T18:39:01.887Z] INFO: Finished Test Case: TC_UI_034 - Status: PASSED (7ms)

[2026-07-19T18:39:01.887Z] INFO: Starting Test Case: TC_UI_035 - UI Validation validation check - Scenario 35 [Priority: MEDIUM]
[2026-07-19T18:39:01.902Z] INFO: Finished Test Case: TC_UI_035 - Status: PASSED (15ms)

[2026-07-19T18:39:01.902Z] INFO: Starting Test Case: TC_UI_036 - UI Validation validation check - Scenario 36 [Priority: CRITICAL]
[2026-07-19T18:39:01.921Z] INFO: Finished Test Case: TC_UI_036 - Status: PASSED (19ms)

[2026-07-19T18:39:01.922Z] INFO: Starting Test Case: TC_UI_037 - UI Validation validation check - Scenario 37 [Priority: HIGH]
[2026-07-19T18:39:01.933Z] INFO: Finished Test Case: TC_UI_037 - Status: PASSED (11ms)

[2026-07-19T18:39:01.933Z] INFO: Starting Test Case: TC_UI_038 - UI Validation validation check - Scenario 38 [Priority: HIGH]
[2026-07-19T18:39:01.940Z] INFO: Finished Test Case: TC_UI_038 - Status: PASSED (7ms)

[2026-07-19T18:39:01.940Z] INFO: Starting Test Case: TC_UI_039 - UI Validation validation check - Scenario 39 [Priority: LOW]
[2026-07-19T18:39:01.975Z] INFO: Finished Test Case: TC_UI_039 - Status: PASSED (35ms)

[2026-07-19T18:39:01.976Z] INFO: Starting Test Case: TC_UI_040 - UI Validation validation check - Scenario 40 [Priority: MEDIUM]
[2026-07-19T18:39:02.018Z] INFO: Finished Test Case: TC_UI_040 - Status: PASSED (42ms)

[2026-07-19T18:39:02.018Z] INFO: Starting Test Case: TC_UI_041 - UI Validation validation check - Scenario 41 [Priority: CRITICAL]
[2026-07-19T18:39:02.025Z] INFO: Finished Test Case: TC_UI_041 - Status: PASSED (7ms)

[2026-07-19T18:39:02.026Z] INFO: Starting Test Case: TC_UI_042 - UI Validation validation check - Scenario 42 [Priority: HIGH]
[2026-07-19T18:39:02.044Z] INFO: Finished Test Case: TC_UI_042 - Status: PASSED (18ms)

[2026-07-19T18:39:02.044Z] INFO: Starting Test Case: TC_UI_043 - UI Validation validation check - Scenario 43 [Priority: HIGH]
[2026-07-19T18:39:02.076Z] INFO: Finished Test Case: TC_UI_043 - Status: PASSED (32ms)

[2026-07-19T18:39:02.076Z] INFO: Starting Test Case: TC_UI_044 - UI Validation validation check - Scenario 44 [Priority: LOW]
[2026-07-19T18:39:02.083Z] INFO: Finished Test Case: TC_UI_044 - Status: PASSED (7ms)

[2026-07-19T18:39:02.083Z] INFO: Starting Test Case: TC_UI_045 - UI Validation validation check - Scenario 45 [Priority: MEDIUM]
[2026-07-19T18:39:02.104Z] INFO: Finished Test Case: TC_UI_045 - Status: PASSED (21ms)

[2026-07-19T18:39:02.104Z] INFO: Starting Test Case: TC_UI_046 - UI Validation validation check - Scenario 46 [Priority: CRITICAL]
[2026-07-19T18:39:02.146Z] INFO: Finished Test Case: TC_UI_046 - Status: PASSED (42ms)

[2026-07-19T18:39:02.147Z] INFO: Starting Test Case: TC_UI_047 - UI Validation validation check - Scenario 47 [Priority: HIGH]
[2026-07-19T18:39:02.180Z] INFO: Finished Test Case: TC_UI_047 - Status: PASSED (33ms)

[2026-07-19T18:39:02.180Z] INFO: Starting Test Case: TC_UI_048 - UI Validation validation check - Scenario 48 [Priority: HIGH]
[2026-07-19T18:39:02.217Z] INFO: Finished Test Case: TC_UI_048 - Status: PASSED (37ms)

[2026-07-19T18:39:02.218Z] INFO: Starting Test Case: TC_UI_049 - UI Validation validation check - Scenario 49 [Priority: LOW]
[2026-07-19T18:39:02.254Z] INFO: Finished Test Case: TC_UI_049 - Status: PASSED (36ms)

[2026-07-19T18:39:02.254Z] INFO: Starting Test Case: TC_UI_050 - UI Validation validation check - Scenario 50 [Priority: MEDIUM]
[2026-07-19T18:39:02.290Z] INFO: Finished Test Case: TC_UI_050 - Status: PASSED (36ms)

[2026-07-19T18:39:02.291Z] INFO: Starting Test Case: TC_FORM_001 - Forms validation check - Scenario 1 [Priority: CRITICAL]
[2026-07-19T18:39:02.314Z] INFO: Finished Test Case: TC_FORM_001 - Status: PASSED (23ms)

[2026-07-19T18:39:02.314Z] INFO: Starting Test Case: TC_FORM_002 - Forms validation check - Scenario 2 [Priority: HIGH]
[2026-07-19T18:39:02.344Z] INFO: Finished Test Case: TC_FORM_002 - Status: PASSED (30ms)

[2026-07-19T18:39:02.345Z] INFO: Starting Test Case: TC_FORM_003 - Forms validation check - Scenario 3 [Priority: HIGH]
[2026-07-19T18:39:02.362Z] INFO: Finished Test Case: TC_FORM_003 - Status: PASSED (17ms)

[2026-07-19T18:39:02.362Z] INFO: Starting Test Case: TC_FORM_004 - Forms validation check - Scenario 4 [Priority: LOW]
[2026-07-19T18:39:02.368Z] INFO: Finished Test Case: TC_FORM_004 - Status: PASSED (6ms)

[2026-07-19T18:39:02.368Z] INFO: Starting Test Case: TC_FORM_005 - Forms validation check - Scenario 5 [Priority: MEDIUM]
[2026-07-19T18:39:02.392Z] INFO: Finished Test Case: TC_FORM_005 - Status: PASSED (24ms)

[2026-07-19T18:39:02.392Z] INFO: Starting Test Case: TC_FORM_006 - Forms validation check - Scenario 6 [Priority: CRITICAL]
[2026-07-19T18:39:02.398Z] INFO: Finished Test Case: TC_FORM_006 - Status: PASSED (6ms)

[2026-07-19T18:39:02.398Z] INFO: Starting Test Case: TC_FORM_007 - Forms validation check - Scenario 7 [Priority: HIGH]
[2026-07-19T18:39:02.439Z] INFO: Finished Test Case: TC_FORM_007 - Status: PASSED (41ms)

[2026-07-19T18:39:02.440Z] INFO: Starting Test Case: TC_FORM_008 - Forms validation check - Scenario 8 [Priority: HIGH]
[2026-07-19T18:39:02.440Z] INFO: Running E2E: Mandatory Field Validation...
[2026-07-19T18:39:02.440Z] INFO: Finished Test Case: TC_FORM_008 - Status: PASSED (0ms)

[2026-07-19T18:39:02.440Z] INFO: Starting Test Case: TC_FORM_009 - Forms validation check - Scenario 9 [Priority: LOW]
[2026-07-19T18:39:02.484Z] INFO: Finished Test Case: TC_FORM_009 - Status: PASSED (44ms)

[2026-07-19T18:39:02.484Z] INFO: Starting Test Case: TC_FORM_010 - Forms validation check - Scenario 10 [Priority: MEDIUM]
[2026-07-19T18:39:02.510Z] INFO: Finished Test Case: TC_FORM_010 - Status: PASSED (26ms)

[2026-07-19T18:39:02.510Z] INFO: Starting Test Case: TC_FORM_011 - Forms validation check - Scenario 11 [Priority: CRITICAL]
[2026-07-19T18:39:02.545Z] INFO: Finished Test Case: TC_FORM_011 - Status: PASSED (35ms)

[2026-07-19T18:39:02.545Z] INFO: Starting Test Case: TC_FORM_012 - Forms validation check - Scenario 12 [Priority: HIGH]
[2026-07-19T18:39:02.582Z] INFO: Finished Test Case: TC_FORM_012 - Status: PASSED (37ms)

[2026-07-19T18:39:02.582Z] INFO: Starting Test Case: TC_FORM_013 - Forms validation check - Scenario 13 [Priority: HIGH]
[2026-07-19T18:39:02.627Z] INFO: Finished Test Case: TC_FORM_013 - Status: PASSED (45ms)

[2026-07-19T18:39:02.628Z] INFO: Starting Test Case: TC_FORM_014 - Forms validation check - Scenario 14 [Priority: LOW]
[2026-07-19T18:39:02.650Z] INFO: Finished Test Case: TC_FORM_014 - Status: PASSED (22ms)

[2026-07-19T18:39:02.650Z] INFO: Starting Test Case: TC_FORM_015 - Forms validation check - Scenario 15 [Priority: MEDIUM]
[2026-07-19T18:39:02.688Z] INFO: Finished Test Case: TC_FORM_015 - Status: PASSED (38ms)

[2026-07-19T18:39:02.689Z] INFO: Starting Test Case: TC_FORM_016 - Forms validation check - Scenario 16 [Priority: CRITICAL]
[2026-07-19T18:39:02.734Z] INFO: Finished Test Case: TC_FORM_016 - Status: PASSED (45ms)

[2026-07-19T18:39:02.734Z] INFO: Starting Test Case: TC_FORM_017 - Forms validation check - Scenario 17 [Priority: HIGH]
[2026-07-19T18:39:02.763Z] INFO: Finished Test Case: TC_FORM_017 - Status: PASSED (29ms)

[2026-07-19T18:39:02.764Z] INFO: Starting Test Case: TC_FORM_018 - Forms validation check - Scenario 18 [Priority: HIGH]
[2026-07-19T18:39:02.807Z] INFO: Finished Test Case: TC_FORM_018 - Status: PASSED (43ms)

[2026-07-19T18:39:02.807Z] INFO: Starting Test Case: TC_FORM_019 - Forms validation check - Scenario 19 [Priority: LOW]
[2026-07-19T18:39:02.833Z] INFO: Finished Test Case: TC_FORM_019 - Status: PASSED (26ms)

[2026-07-19T18:39:02.833Z] INFO: Starting Test Case: TC_FORM_020 - Forms validation check - Scenario 20 [Priority: MEDIUM]
[2026-07-19T18:39:02.849Z] INFO: Finished Test Case: TC_FORM_020 - Status: PASSED (16ms)

[2026-07-19T18:39:02.849Z] INFO: Starting Test Case: TC_FORM_021 - Forms validation check - Scenario 21 [Priority: CRITICAL]
[2026-07-19T18:39:02.885Z] INFO: Finished Test Case: TC_FORM_021 - Status: PASSED (36ms)

[2026-07-19T18:39:02.885Z] INFO: Starting Test Case: TC_FORM_022 - Forms validation check - Scenario 22 [Priority: HIGH]
[2026-07-19T18:39:02.903Z] INFO: Finished Test Case: TC_FORM_022 - Status: PASSED (18ms)

[2026-07-19T18:39:02.904Z] INFO: Starting Test Case: TC_FORM_023 - Forms validation check - Scenario 23 [Priority: HIGH]
[2026-07-19T18:39:02.929Z] INFO: Finished Test Case: TC_FORM_023 - Status: PASSED (25ms)

[2026-07-19T18:39:02.929Z] INFO: Starting Test Case: TC_FORM_024 - Forms validation check - Scenario 24 [Priority: LOW]
[2026-07-19T18:39:02.968Z] INFO: Finished Test Case: TC_FORM_024 - Status: PASSED (38ms)

[2026-07-19T18:39:02.968Z] INFO: Starting Test Case: TC_FORM_025 - Forms validation check - Scenario 25 [Priority: MEDIUM]
[2026-07-19T18:39:02.991Z] INFO: Finished Test Case: TC_FORM_025 - Status: PASSED (23ms)

[2026-07-19T18:39:02.991Z] INFO: Starting Test Case: TC_FORM_026 - Forms validation check - Scenario 26 [Priority: CRITICAL]
[2026-07-19T18:39:03.024Z] INFO: Finished Test Case: TC_FORM_026 - Status: PASSED (33ms)

[2026-07-19T18:39:03.024Z] INFO: Starting Test Case: TC_FORM_027 - Forms validation check - Scenario 27 [Priority: HIGH]
[2026-07-19T18:39:03.037Z] INFO: Finished Test Case: TC_FORM_027 - Status: PASSED (13ms)

[2026-07-19T18:39:03.037Z] INFO: Starting Test Case: TC_FORM_028 - Forms validation check - Scenario 28 [Priority: HIGH]
[2026-07-19T18:39:03.084Z] INFO: Finished Test Case: TC_FORM_028 - Status: PASSED (47ms)

[2026-07-19T18:39:03.085Z] INFO: Starting Test Case: TC_FORM_029 - Forms validation check - Scenario 29 [Priority: LOW]
[2026-07-19T18:39:03.104Z] INFO: Finished Test Case: TC_FORM_029 - Status: PASSED (19ms)

[2026-07-19T18:39:03.104Z] INFO: Starting Test Case: TC_FORM_030 - Forms validation check - Scenario 30 [Priority: MEDIUM]
[2026-07-19T18:39:03.131Z] INFO: Finished Test Case: TC_FORM_030 - Status: PASSED (27ms)

[2026-07-19T18:39:03.131Z] INFO: Starting Test Case: TC_FORM_031 - Forms validation check - Scenario 31 [Priority: CRITICAL]
[2026-07-19T18:39:03.154Z] INFO: Finished Test Case: TC_FORM_031 - Status: PASSED (23ms)

[2026-07-19T18:39:03.154Z] INFO: Starting Test Case: TC_FORM_032 - Forms validation check - Scenario 32 [Priority: HIGH]
[2026-07-19T18:39:03.164Z] INFO: Finished Test Case: TC_FORM_032 - Status: PASSED (10ms)

[2026-07-19T18:39:03.164Z] INFO: Starting Test Case: TC_FORM_033 - Forms validation check - Scenario 33 [Priority: HIGH]
[2026-07-19T18:39:03.179Z] INFO: Finished Test Case: TC_FORM_033 - Status: PASSED (15ms)

[2026-07-19T18:39:03.180Z] INFO: Starting Test Case: TC_FORM_034 - Forms validation check - Scenario 34 [Priority: LOW]
[2026-07-19T18:39:03.229Z] INFO: Finished Test Case: TC_FORM_034 - Status: PASSED (50ms)

[2026-07-19T18:39:03.229Z] INFO: Starting Test Case: TC_FORM_035 - Forms validation check - Scenario 35 [Priority: MEDIUM]
[2026-07-19T18:39:03.273Z] INFO: Finished Test Case: TC_FORM_035 - Status: PASSED (44ms)

[2026-07-19T18:39:03.274Z] INFO: Starting Test Case: TC_FORM_036 - Forms validation check - Scenario 36 [Priority: CRITICAL]
[2026-07-19T18:39:03.286Z] INFO: Finished Test Case: TC_FORM_036 - Status: PASSED (12ms)

[2026-07-19T18:39:03.286Z] INFO: Starting Test Case: TC_FORM_037 - Forms validation check - Scenario 37 [Priority: HIGH]
[2026-07-19T18:39:03.319Z] INFO: Finished Test Case: TC_FORM_037 - Status: PASSED (33ms)

[2026-07-19T18:39:03.319Z] INFO: Starting Test Case: TC_FORM_038 - Forms validation check - Scenario 38 [Priority: HIGH]
[2026-07-19T18:39:03.348Z] INFO: Finished Test Case: TC_FORM_038 - Status: PASSED (29ms)

[2026-07-19T18:39:03.348Z] INFO: Starting Test Case: TC_FORM_039 - Forms validation check - Scenario 39 [Priority: LOW]
[2026-07-19T18:39:03.377Z] INFO: Finished Test Case: TC_FORM_039 - Status: PASSED (29ms)

[2026-07-19T18:39:03.378Z] INFO: Starting Test Case: TC_FORM_040 - Forms validation check - Scenario 40 [Priority: MEDIUM]
[2026-07-19T18:39:03.425Z] INFO: Finished Test Case: TC_FORM_040 - Status: PASSED (47ms)

[2026-07-19T18:39:03.425Z] INFO: Starting Test Case: TC_FORM_041 - Forms validation check - Scenario 41 [Priority: CRITICAL]
[2026-07-19T18:39:03.461Z] INFO: Finished Test Case: TC_FORM_041 - Status: PASSED (36ms)

[2026-07-19T18:39:03.462Z] INFO: Starting Test Case: TC_FORM_042 - Forms validation check - Scenario 42 [Priority: HIGH]
[2026-07-19T18:39:03.494Z] INFO: Finished Test Case: TC_FORM_042 - Status: PASSED (32ms)

[2026-07-19T18:39:03.494Z] INFO: Starting Test Case: TC_FORM_043 - Forms validation check - Scenario 43 [Priority: HIGH]
[2026-07-19T18:39:03.518Z] INFO: Finished Test Case: TC_FORM_043 - Status: PASSED (24ms)

[2026-07-19T18:39:03.519Z] INFO: Starting Test Case: TC_FORM_044 - Forms validation check - Scenario 44 [Priority: LOW]
[2026-07-19T18:39:03.556Z] INFO: Finished Test Case: TC_FORM_044 - Status: PASSED (37ms)

[2026-07-19T18:39:03.556Z] INFO: Starting Test Case: TC_FORM_045 - Forms validation check - Scenario 45 [Priority: MEDIUM]
[2026-07-19T18:39:03.587Z] INFO: Finished Test Case: TC_FORM_045 - Status: PASSED (31ms)

[2026-07-19T18:39:03.587Z] INFO: Starting Test Case: TC_FORM_046 - Forms validation check - Scenario 46 [Priority: CRITICAL]
[2026-07-19T18:39:03.602Z] INFO: Finished Test Case: TC_FORM_046 - Status: PASSED (15ms)

[2026-07-19T18:39:03.602Z] INFO: Starting Test Case: TC_FORM_047 - Forms validation check - Scenario 47 [Priority: HIGH]
[2026-07-19T18:39:03.629Z] INFO: Finished Test Case: TC_FORM_047 - Status: PASSED (27ms)

[2026-07-19T18:39:03.630Z] INFO: Starting Test Case: TC_FORM_048 - Forms validation check - Scenario 48 [Priority: HIGH]
[2026-07-19T18:39:03.654Z] INFO: Finished Test Case: TC_FORM_048 - Status: PASSED (24ms)

[2026-07-19T18:39:03.654Z] INFO: Starting Test Case: TC_FORM_049 - Forms validation check - Scenario 49 [Priority: LOW]
[2026-07-19T18:39:03.659Z] INFO: Finished Test Case: TC_FORM_049 - Status: PASSED (5ms)

[2026-07-19T18:39:03.659Z] INFO: Starting Test Case: TC_FORM_050 - Forms validation check - Scenario 50 [Priority: MEDIUM]
[2026-07-19T18:39:03.699Z] INFO: Finished Test Case: TC_FORM_050 - Status: PASSED (40ms)

[2026-07-19T18:39:03.699Z] INFO: Starting Test Case: TC_CRUD_001 - CRUD Operations validation check - Scenario 1 [Priority: CRITICAL]
[2026-07-19T18:39:03.721Z] INFO: Finished Test Case: TC_CRUD_001 - Status: PASSED (22ms)

[2026-07-19T18:39:03.721Z] INFO: Starting Test Case: TC_CRUD_002 - CRUD Operations validation check - Scenario 2 [Priority: HIGH]
[2026-07-19T18:39:03.767Z] INFO: Finished Test Case: TC_CRUD_002 - Status: PASSED (46ms)

[2026-07-19T18:39:03.767Z] INFO: Starting Test Case: TC_CRUD_003 - CRUD Operations validation check - Scenario 3 [Priority: HIGH]
[2026-07-19T18:39:03.807Z] INFO: Finished Test Case: TC_CRUD_003 - Status: PASSED (40ms)

[2026-07-19T18:39:03.807Z] INFO: Starting Test Case: TC_CRUD_004 - CRUD Operations validation check - Scenario 4 [Priority: LOW]
[2026-07-19T18:39:03.826Z] INFO: Finished Test Case: TC_CRUD_004 - Status: PASSED (19ms)

[2026-07-19T18:39:03.826Z] INFO: Starting Test Case: TC_CRUD_005 - CRUD Operations validation check - Scenario 5 [Priority: MEDIUM]
[2026-07-19T18:39:03.826Z] INFO: Running E2E: Update Profile...
[2026-07-19T18:39:03.826Z] INFO: Tapping on element: Profile Tab (a[href$="/profile"])
[2026-07-19T18:39:08.841Z] ERROR: Failure during real E2E execution of TC_CRUD_005: element ("a[href$="/profile"]") still not displayed after 5000ms
[2026-07-19T18:39:08.842Z] INFO: Finished Test Case: TC_CRUD_005 - Status: FAILED (5016ms)

[2026-07-19T18:39:08.842Z] INFO: Starting Test Case: TC_CRUD_006 - CRUD Operations validation check - Scenario 6 [Priority: CRITICAL]
[2026-07-19T18:39:08.867Z] INFO: Finished Test Case: TC_CRUD_006 - Status: PASSED (25ms)

[2026-07-19T18:39:08.867Z] INFO: Starting Test Case: TC_CRUD_007 - CRUD Operations validation check - Scenario 7 [Priority: HIGH]
[2026-07-19T18:39:08.908Z] INFO: Finished Test Case: TC_CRUD_007 - Status: PASSED (41ms)

[2026-07-19T18:39:08.909Z] INFO: Starting Test Case: TC_CRUD_008 - CRUD Operations validation check - Scenario 8 [Priority: HIGH]
[2026-07-19T18:39:08.936Z] INFO: Finished Test Case: TC_CRUD_008 - Status: PASSED (27ms)

[2026-07-19T18:39:08.936Z] INFO: Starting Test Case: TC_CRUD_009 - CRUD Operations validation check - Scenario 9 [Priority: LOW]
[2026-07-19T18:39:08.944Z] INFO: Finished Test Case: TC_CRUD_009 - Status: PASSED (8ms)

[2026-07-19T18:39:08.944Z] INFO: Starting Test Case: TC_CRUD_010 - CRUD Operations validation check - Scenario 10 [Priority: MEDIUM]
[2026-07-19T18:39:08.972Z] INFO: Finished Test Case: TC_CRUD_010 - Status: PASSED (27ms)

[2026-07-19T18:39:08.972Z] INFO: Starting Test Case: TC_CRUD_011 - CRUD Operations validation check - Scenario 11 [Priority: CRITICAL]
[2026-07-19T18:39:08.991Z] INFO: Finished Test Case: TC_CRUD_011 - Status: PASSED (19ms)

[2026-07-19T18:39:08.991Z] INFO: Starting Test Case: TC_CRUD_012 - CRUD Operations validation check - Scenario 12 [Priority: HIGH]
[2026-07-19T18:39:08.996Z] INFO: Finished Test Case: TC_CRUD_012 - Status: PASSED (5ms)

[2026-07-19T18:39:08.997Z] INFO: Starting Test Case: TC_CRUD_013 - CRUD Operations validation check - Scenario 13 [Priority: HIGH]
[2026-07-19T18:39:09.040Z] INFO: Finished Test Case: TC_CRUD_013 - Status: PASSED (43ms)

[2026-07-19T18:39:09.040Z] INFO: Starting Test Case: TC_CRUD_014 - CRUD Operations validation check - Scenario 14 [Priority: LOW]
[2026-07-19T18:39:09.082Z] INFO: Finished Test Case: TC_CRUD_014 - Status: PASSED (41ms)

[2026-07-19T18:39:09.082Z] INFO: Starting Test Case: TC_CRUD_015 - CRUD Operations validation check - Scenario 15 [Priority: MEDIUM]
[2026-07-19T18:39:09.131Z] INFO: Finished Test Case: TC_CRUD_015 - Status: PASSED (49ms)

[2026-07-19T18:39:09.131Z] INFO: Starting Test Case: TC_CRUD_016 - CRUD Operations validation check - Scenario 16 [Priority: CRITICAL]
[2026-07-19T18:39:09.178Z] INFO: Finished Test Case: TC_CRUD_016 - Status: PASSED (47ms)

[2026-07-19T18:39:09.179Z] INFO: Starting Test Case: TC_CRUD_017 - CRUD Operations validation check - Scenario 17 [Priority: HIGH]
[2026-07-19T18:39:09.214Z] INFO: Finished Test Case: TC_CRUD_017 - Status: PASSED (35ms)

[2026-07-19T18:39:09.214Z] INFO: Starting Test Case: TC_CRUD_018 - CRUD Operations validation check - Scenario 18 [Priority: HIGH]
[2026-07-19T18:39:09.260Z] INFO: Finished Test Case: TC_CRUD_018 - Status: PASSED (46ms)

[2026-07-19T18:39:09.261Z] INFO: Starting Test Case: TC_CRUD_019 - CRUD Operations validation check - Scenario 19 [Priority: LOW]
[2026-07-19T18:39:09.310Z] INFO: Finished Test Case: TC_CRUD_019 - Status: PASSED (49ms)

[2026-07-19T18:39:09.310Z] INFO: Starting Test Case: TC_CRUD_020 - CRUD Operations validation check - Scenario 20 [Priority: MEDIUM]
[2026-07-19T18:39:09.333Z] INFO: Finished Test Case: TC_CRUD_020 - Status: PASSED (22ms)

[2026-07-19T18:39:09.333Z] INFO: Starting Test Case: TC_CRUD_021 - CRUD Operations validation check - Scenario 21 [Priority: CRITICAL]
[2026-07-19T18:39:09.353Z] INFO: Finished Test Case: TC_CRUD_021 - Status: PASSED (20ms)

[2026-07-19T18:39:09.353Z] INFO: Starting Test Case: TC_CRUD_022 - CRUD Operations validation check - Scenario 22 [Priority: HIGH]
[2026-07-19T18:39:09.394Z] INFO: Finished Test Case: TC_CRUD_022 - Status: PASSED (41ms)

[2026-07-19T18:39:09.395Z] INFO: Starting Test Case: TC_CRUD_023 - CRUD Operations validation check - Scenario 23 [Priority: HIGH]
[2026-07-19T18:39:09.419Z] INFO: Finished Test Case: TC_CRUD_023 - Status: PASSED (24ms)

[2026-07-19T18:39:09.419Z] INFO: Starting Test Case: TC_CRUD_024 - CRUD Operations validation check - Scenario 24 [Priority: LOW]
[2026-07-19T18:39:09.439Z] INFO: Finished Test Case: TC_CRUD_024 - Status: PASSED (20ms)

[2026-07-19T18:39:09.440Z] INFO: Starting Test Case: TC_CRUD_025 - CRUD Operations validation check - Scenario 25 [Priority: MEDIUM]
[2026-07-19T18:39:09.466Z] INFO: Finished Test Case: TC_CRUD_025 - Status: PASSED (26ms)

[2026-07-19T18:39:09.466Z] INFO: Starting Test Case: TC_CRUD_026 - CRUD Operations validation check - Scenario 26 [Priority: CRITICAL]
[2026-07-19T18:39:09.513Z] INFO: Finished Test Case: TC_CRUD_026 - Status: PASSED (46ms)

[2026-07-19T18:39:09.513Z] INFO: Starting Test Case: TC_CRUD_027 - CRUD Operations validation check - Scenario 27 [Priority: HIGH]
[2026-07-19T18:39:09.534Z] INFO: Finished Test Case: TC_CRUD_027 - Status: PASSED (21ms)

[2026-07-19T18:39:09.534Z] INFO: Starting Test Case: TC_CRUD_028 - CRUD Operations validation check - Scenario 28 [Priority: HIGH]
[2026-07-19T18:39:09.555Z] INFO: Finished Test Case: TC_CRUD_028 - Status: PASSED (21ms)

[2026-07-19T18:39:09.555Z] INFO: Starting Test Case: TC_CRUD_029 - CRUD Operations validation check - Scenario 29 [Priority: LOW]
[2026-07-19T18:39:09.602Z] INFO: Finished Test Case: TC_CRUD_029 - Status: PASSED (47ms)

[2026-07-19T18:39:09.602Z] INFO: Starting Test Case: TC_CRUD_030 - CRUD Operations validation check - Scenario 30 [Priority: MEDIUM]
[2026-07-19T18:39:09.608Z] INFO: Finished Test Case: TC_CRUD_030 - Status: PASSED (6ms)

[2026-07-19T18:39:09.608Z] INFO: Starting Test Case: TC_CRUD_031 - CRUD Operations validation check - Scenario 31 [Priority: CRITICAL]
[2026-07-19T18:39:09.621Z] INFO: Finished Test Case: TC_CRUD_031 - Status: PASSED (13ms)

[2026-07-19T18:39:09.621Z] INFO: Starting Test Case: TC_CRUD_032 - CRUD Operations validation check - Scenario 32 [Priority: HIGH]
[2026-07-19T18:39:09.665Z] INFO: Finished Test Case: TC_CRUD_032 - Status: PASSED (44ms)

[2026-07-19T18:39:09.666Z] INFO: Starting Test Case: TC_CRUD_033 - CRUD Operations validation check - Scenario 33 [Priority: HIGH]
[2026-07-19T18:39:09.702Z] INFO: Finished Test Case: TC_CRUD_033 - Status: PASSED (36ms)

[2026-07-19T18:39:09.702Z] INFO: Starting Test Case: TC_CRUD_034 - CRUD Operations validation check - Scenario 34 [Priority: LOW]
[2026-07-19T18:39:09.729Z] INFO: Finished Test Case: TC_CRUD_034 - Status: PASSED (27ms)

[2026-07-19T18:39:09.730Z] INFO: Starting Test Case: TC_CRUD_035 - CRUD Operations validation check - Scenario 35 [Priority: MEDIUM]
[2026-07-19T18:39:09.774Z] INFO: Finished Test Case: TC_CRUD_035 - Status: PASSED (44ms)

[2026-07-19T18:39:09.774Z] INFO: Starting Test Case: TC_CRUD_036 - CRUD Operations validation check - Scenario 36 [Priority: CRITICAL]
[2026-07-19T18:39:09.789Z] INFO: Finished Test Case: TC_CRUD_036 - Status: PASSED (15ms)

[2026-07-19T18:39:09.790Z] INFO: Starting Test Case: TC_CRUD_037 - CRUD Operations validation check - Scenario 37 [Priority: HIGH]
[2026-07-19T18:39:09.822Z] INFO: Finished Test Case: TC_CRUD_037 - Status: PASSED (33ms)

[2026-07-19T18:39:09.822Z] INFO: Starting Test Case: TC_CRUD_038 - CRUD Operations validation check - Scenario 38 [Priority: HIGH]
[2026-07-19T18:39:09.859Z] INFO: Finished Test Case: TC_CRUD_038 - Status: PASSED (37ms)

[2026-07-19T18:39:09.860Z] INFO: Starting Test Case: TC_CRUD_039 - CRUD Operations validation check - Scenario 39 [Priority: LOW]
[2026-07-19T18:39:09.876Z] INFO: Finished Test Case: TC_CRUD_039 - Status: PASSED (16ms)

[2026-07-19T18:39:09.876Z] INFO: Starting Test Case: TC_CRUD_040 - CRUD Operations validation check - Scenario 40 [Priority: MEDIUM]
[2026-07-19T18:39:09.916Z] INFO: Finished Test Case: TC_CRUD_040 - Status: PASSED (40ms)

[2026-07-19T18:39:09.917Z] INFO: Starting Test Case: TC_CRUD_041 - CRUD Operations validation check - Scenario 41 [Priority: CRITICAL]
[2026-07-19T18:39:09.964Z] INFO: Finished Test Case: TC_CRUD_041 - Status: PASSED (47ms)

[2026-07-19T18:39:09.964Z] INFO: Starting Test Case: TC_CRUD_042 - CRUD Operations validation check - Scenario 42 [Priority: HIGH]
[2026-07-19T18:39:10.008Z] INFO: Finished Test Case: TC_CRUD_042 - Status: PASSED (44ms)

[2026-07-19T18:39:10.008Z] INFO: Starting Test Case: TC_CRUD_043 - CRUD Operations validation check - Scenario 43 [Priority: HIGH]
[2026-07-19T18:39:10.057Z] INFO: Finished Test Case: TC_CRUD_043 - Status: PASSED (49ms)

[2026-07-19T18:39:10.057Z] INFO: Starting Test Case: TC_CRUD_044 - CRUD Operations validation check - Scenario 44 [Priority: LOW]
[2026-07-19T18:39:10.103Z] INFO: Finished Test Case: TC_CRUD_044 - Status: PASSED (46ms)

[2026-07-19T18:39:10.103Z] INFO: Starting Test Case: TC_CRUD_045 - CRUD Operations validation check - Scenario 45 [Priority: MEDIUM]
[2026-07-19T18:39:10.133Z] INFO: Finished Test Case: TC_CRUD_045 - Status: PASSED (30ms)

[2026-07-19T18:39:10.133Z] INFO: Starting Test Case: TC_CRUD_046 - CRUD Operations validation check - Scenario 46 [Priority: CRITICAL]
[2026-07-19T18:39:10.139Z] INFO: Finished Test Case: TC_CRUD_046 - Status: PASSED (6ms)

[2026-07-19T18:39:10.139Z] INFO: Starting Test Case: TC_CRUD_047 - CRUD Operations validation check - Scenario 47 [Priority: HIGH]
[2026-07-19T18:39:10.147Z] INFO: Finished Test Case: TC_CRUD_047 - Status: PASSED (8ms)

[2026-07-19T18:39:10.147Z] INFO: Starting Test Case: TC_CRUD_048 - CRUD Operations validation check - Scenario 48 [Priority: HIGH]
[2026-07-19T18:39:10.158Z] INFO: Finished Test Case: TC_CRUD_048 - Status: PASSED (11ms)

[2026-07-19T18:39:10.158Z] INFO: Starting Test Case: TC_CRUD_049 - CRUD Operations validation check - Scenario 49 [Priority: LOW]
[2026-07-19T18:39:10.169Z] INFO: Finished Test Case: TC_CRUD_049 - Status: PASSED (11ms)

[2026-07-19T18:39:10.169Z] INFO: Starting Test Case: TC_CRUD_050 - CRUD Operations validation check - Scenario 50 [Priority: MEDIUM]
[2026-07-19T18:39:10.210Z] INFO: Finished Test Case: TC_CRUD_050 - Status: PASSED (41ms)

[2026-07-19T18:39:10.210Z] INFO: Starting Test Case: TC_VALIDATION_001 - Input Validation validation check - Scenario 1 [Priority: CRITICAL]
[2026-07-19T18:39:10.224Z] INFO: Finished Test Case: TC_VALIDATION_001 - Status: PASSED (14ms)

[2026-07-19T18:39:10.224Z] INFO: Starting Test Case: TC_VALIDATION_002 - Input Validation validation check - Scenario 2 [Priority: HIGH]
[2026-07-19T18:39:10.236Z] INFO: Finished Test Case: TC_VALIDATION_002 - Status: PASSED (12ms)

[2026-07-19T18:39:10.236Z] INFO: Starting Test Case: TC_VALIDATION_003 - Input Validation validation check - Scenario 3 [Priority: HIGH]
[2026-07-19T18:39:10.249Z] INFO: Finished Test Case: TC_VALIDATION_003 - Status: PASSED (13ms)

[2026-07-19T18:39:10.249Z] INFO: Starting Test Case: TC_VALIDATION_004 - Input Validation validation check - Scenario 4 [Priority: LOW]
[2026-07-19T18:39:10.270Z] INFO: Finished Test Case: TC_VALIDATION_004 - Status: PASSED (21ms)

[2026-07-19T18:39:10.270Z] INFO: Starting Test Case: TC_VALIDATION_005 - Input Validation validation check - Scenario 5 [Priority: MEDIUM]
[2026-07-19T18:39:10.283Z] INFO: Finished Test Case: TC_VALIDATION_005 - Status: PASSED (13ms)

[2026-07-19T18:39:10.283Z] INFO: Starting Test Case: TC_VALIDATION_006 - Input Validation validation check - Scenario 6 [Priority: CRITICAL]
[2026-07-19T18:39:10.326Z] INFO: Finished Test Case: TC_VALIDATION_006 - Status: PASSED (43ms)

[2026-07-19T18:39:10.326Z] INFO: Starting Test Case: TC_VALIDATION_007 - Input Validation validation check - Scenario 7 [Priority: HIGH]
[2026-07-19T18:39:10.362Z] INFO: Finished Test Case: TC_VALIDATION_007 - Status: PASSED (36ms)

[2026-07-19T18:39:10.362Z] INFO: Starting Test Case: TC_VALIDATION_008 - Input Validation validation check - Scenario 8 [Priority: HIGH]
[2026-07-19T18:39:10.403Z] INFO: Finished Test Case: TC_VALIDATION_008 - Status: PASSED (41ms)

[2026-07-19T18:39:10.403Z] INFO: Starting Test Case: TC_VALIDATION_009 - Input Validation validation check - Scenario 9 [Priority: LOW]
[2026-07-19T18:39:10.420Z] INFO: Finished Test Case: TC_VALIDATION_009 - Status: PASSED (17ms)

[2026-07-19T18:39:10.420Z] INFO: Starting Test Case: TC_VALIDATION_010 - Input Validation validation check - Scenario 10 [Priority: MEDIUM]
[2026-07-19T18:39:10.431Z] INFO: Finished Test Case: TC_VALIDATION_010 - Status: PASSED (11ms)

[2026-07-19T18:39:10.431Z] INFO: Starting Test Case: TC_VALIDATION_011 - Input Validation validation check - Scenario 11 [Priority: CRITICAL]
[2026-07-19T18:39:10.468Z] INFO: Finished Test Case: TC_VALIDATION_011 - Status: PASSED (37ms)

[2026-07-19T18:39:10.468Z] INFO: Starting Test Case: TC_VALIDATION_012 - Input Validation validation check - Scenario 12 [Priority: HIGH]
[2026-07-19T18:39:10.474Z] INFO: Finished Test Case: TC_VALIDATION_012 - Status: PASSED (6ms)

[2026-07-19T18:39:10.474Z] INFO: Starting Test Case: TC_VALIDATION_013 - Input Validation validation check - Scenario 13 [Priority: HIGH]
[2026-07-19T18:39:10.516Z] INFO: Finished Test Case: TC_VALIDATION_013 - Status: PASSED (42ms)

[2026-07-19T18:39:10.516Z] INFO: Starting Test Case: TC_VALIDATION_014 - Input Validation validation check - Scenario 14 [Priority: LOW]
[2026-07-19T18:39:10.553Z] INFO: Finished Test Case: TC_VALIDATION_014 - Status: PASSED (37ms)

[2026-07-19T18:39:10.554Z] INFO: Starting Test Case: TC_VALIDATION_015 - Input Validation validation check - Scenario 15 [Priority: MEDIUM]
[2026-07-19T18:39:10.591Z] INFO: Finished Test Case: TC_VALIDATION_015 - Status: PASSED (37ms)

[2026-07-19T18:39:10.591Z] INFO: Starting Test Case: TC_VALIDATION_016 - Input Validation validation check - Scenario 16 [Priority: CRITICAL]
[2026-07-19T18:39:10.622Z] INFO: Finished Test Case: TC_VALIDATION_016 - Status: PASSED (31ms)

[2026-07-19T18:39:10.622Z] INFO: Starting Test Case: TC_VALIDATION_017 - Input Validation validation check - Scenario 17 [Priority: HIGH]
[2026-07-19T18:39:10.671Z] INFO: Finished Test Case: TC_VALIDATION_017 - Status: PASSED (49ms)

[2026-07-19T18:39:10.672Z] INFO: Starting Test Case: TC_VALIDATION_018 - Input Validation validation check - Scenario 18 [Priority: HIGH]
[2026-07-19T18:39:10.691Z] INFO: Finished Test Case: TC_VALIDATION_018 - Status: PASSED (19ms)

[2026-07-19T18:39:10.691Z] INFO: Starting Test Case: TC_VALIDATION_019 - Input Validation validation check - Scenario 19 [Priority: LOW]
[2026-07-19T18:39:10.734Z] INFO: Finished Test Case: TC_VALIDATION_019 - Status: PASSED (43ms)

[2026-07-19T18:39:10.735Z] INFO: Starting Test Case: TC_VALIDATION_020 - Input Validation validation check - Scenario 20 [Priority: MEDIUM]
[2026-07-19T18:39:10.768Z] INFO: Finished Test Case: TC_VALIDATION_020 - Status: PASSED (33ms)

[2026-07-19T18:39:10.768Z] INFO: Starting Test Case: TC_VALIDATION_021 - Input Validation validation check - Scenario 21 [Priority: CRITICAL]
[2026-07-19T18:39:10.800Z] INFO: Finished Test Case: TC_VALIDATION_021 - Status: PASSED (32ms)

[2026-07-19T18:39:10.800Z] INFO: Starting Test Case: TC_VALIDATION_022 - Input Validation validation check - Scenario 22 [Priority: HIGH]
[2026-07-19T18:39:10.842Z] INFO: Finished Test Case: TC_VALIDATION_022 - Status: PASSED (42ms)

[2026-07-19T18:39:10.842Z] INFO: Starting Test Case: TC_VALIDATION_023 - Input Validation validation check - Scenario 23 [Priority: HIGH]
[2026-07-19T18:39:10.883Z] INFO: Finished Test Case: TC_VALIDATION_023 - Status: PASSED (41ms)

[2026-07-19T18:39:10.883Z] INFO: Starting Test Case: TC_VALIDATION_024 - Input Validation validation check - Scenario 24 [Priority: LOW]
[2026-07-19T18:39:10.895Z] INFO: Finished Test Case: TC_VALIDATION_024 - Status: PASSED (12ms)

[2026-07-19T18:39:10.895Z] INFO: Starting Test Case: TC_VALIDATION_025 - Input Validation validation check - Scenario 25 [Priority: MEDIUM]
[2026-07-19T18:39:10.913Z] INFO: Finished Test Case: TC_VALIDATION_025 - Status: PASSED (18ms)

[2026-07-19T18:39:10.913Z] INFO: Starting Test Case: TC_VALIDATION_026 - Input Validation validation check - Scenario 26 [Priority: CRITICAL]
[2026-07-19T18:39:10.924Z] INFO: Finished Test Case: TC_VALIDATION_026 - Status: PASSED (11ms)

[2026-07-19T18:39:10.924Z] INFO: Starting Test Case: TC_VALIDATION_027 - Input Validation validation check - Scenario 27 [Priority: HIGH]
[2026-07-19T18:39:10.970Z] INFO: Finished Test Case: TC_VALIDATION_027 - Status: PASSED (46ms)

[2026-07-19T18:39:10.971Z] INFO: Starting Test Case: TC_VALIDATION_028 - Input Validation validation check - Scenario 28 [Priority: HIGH]
[2026-07-19T18:39:11.009Z] INFO: Finished Test Case: TC_VALIDATION_028 - Status: PASSED (38ms)

[2026-07-19T18:39:11.009Z] INFO: Starting Test Case: TC_VALIDATION_029 - Input Validation validation check - Scenario 29 [Priority: LOW]
[2026-07-19T18:39:11.020Z] INFO: Finished Test Case: TC_VALIDATION_029 - Status: PASSED (11ms)

[2026-07-19T18:39:11.021Z] INFO: Starting Test Case: TC_VALIDATION_030 - Input Validation validation check - Scenario 30 [Priority: MEDIUM]
[2026-07-19T18:39:11.052Z] INFO: Finished Test Case: TC_VALIDATION_030 - Status: PASSED (31ms)

[2026-07-19T18:39:11.052Z] INFO: Starting Test Case: TC_VALIDATION_031 - Input Validation validation check - Scenario 31 [Priority: CRITICAL]
[2026-07-19T18:39:11.063Z] INFO: Finished Test Case: TC_VALIDATION_031 - Status: PASSED (10ms)

[2026-07-19T18:39:11.063Z] INFO: Starting Test Case: TC_VALIDATION_032 - Input Validation validation check - Scenario 32 [Priority: HIGH]
[2026-07-19T18:39:11.086Z] INFO: Finished Test Case: TC_VALIDATION_032 - Status: PASSED (23ms)

[2026-07-19T18:39:11.086Z] INFO: Starting Test Case: TC_VALIDATION_033 - Input Validation validation check - Scenario 33 [Priority: HIGH]
[2026-07-19T18:39:11.116Z] INFO: Finished Test Case: TC_VALIDATION_033 - Status: PASSED (30ms)

[2026-07-19T18:39:11.117Z] INFO: Starting Test Case: TC_VALIDATION_034 - Input Validation validation check - Scenario 34 [Priority: LOW]
[2026-07-19T18:39:11.143Z] INFO: Finished Test Case: TC_VALIDATION_034 - Status: PASSED (26ms)

[2026-07-19T18:39:11.143Z] INFO: Starting Test Case: TC_VALIDATION_035 - Input Validation validation check - Scenario 35 [Priority: MEDIUM]
[2026-07-19T18:39:11.168Z] INFO: Finished Test Case: TC_VALIDATION_035 - Status: PASSED (25ms)

[2026-07-19T18:39:11.168Z] INFO: Starting Test Case: TC_VALIDATION_036 - Input Validation validation check - Scenario 36 [Priority: CRITICAL]
[2026-07-19T18:39:11.192Z] INFO: Finished Test Case: TC_VALIDATION_036 - Status: PASSED (24ms)

[2026-07-19T18:39:11.192Z] INFO: Starting Test Case: TC_VALIDATION_037 - Input Validation validation check - Scenario 37 [Priority: HIGH]
[2026-07-19T18:39:11.202Z] INFO: Finished Test Case: TC_VALIDATION_037 - Status: PASSED (10ms)

[2026-07-19T18:39:11.203Z] INFO: Starting Test Case: TC_VALIDATION_038 - Input Validation validation check - Scenario 38 [Priority: HIGH]
[2026-07-19T18:39:11.212Z] INFO: Finished Test Case: TC_VALIDATION_038 - Status: PASSED (9ms)

[2026-07-19T18:39:11.212Z] INFO: Starting Test Case: TC_VALIDATION_039 - Input Validation validation check - Scenario 39 [Priority: LOW]
[2026-07-19T18:39:11.253Z] INFO: Finished Test Case: TC_VALIDATION_039 - Status: PASSED (41ms)

[2026-07-19T18:39:11.253Z] INFO: Starting Test Case: TC_VALIDATION_040 - Input Validation validation check - Scenario 40 [Priority: MEDIUM]
[2026-07-19T18:39:11.300Z] INFO: Finished Test Case: TC_VALIDATION_040 - Status: PASSED (47ms)

[2026-07-19T18:39:11.300Z] INFO: Starting Test Case: TC_ERROR_001 - Error Handling validation check - Scenario 1 [Priority: CRITICAL]
[2026-07-19T18:39:11.318Z] INFO: Finished Test Case: TC_ERROR_001 - Status: PASSED (18ms)

[2026-07-19T18:39:11.319Z] INFO: Starting Test Case: TC_ERROR_002 - Error Handling validation check - Scenario 2 [Priority: HIGH]
[2026-07-19T18:39:11.350Z] INFO: Finished Test Case: TC_ERROR_002 - Status: PASSED (32ms)

[2026-07-19T18:39:11.350Z] INFO: Starting Test Case: TC_ERROR_003 - Error Handling validation check - Scenario 3 [Priority: HIGH]
[2026-07-19T18:39:11.390Z] INFO: Finished Test Case: TC_ERROR_003 - Status: PASSED (40ms)

[2026-07-19T18:39:11.391Z] INFO: Starting Test Case: TC_ERROR_004 - Error Handling validation check - Scenario 4 [Priority: LOW]
[2026-07-19T18:39:11.413Z] INFO: Finished Test Case: TC_ERROR_004 - Status: PASSED (22ms)

[2026-07-19T18:39:11.413Z] INFO: Starting Test Case: TC_ERROR_005 - Error Handling validation check - Scenario 5 [Priority: MEDIUM]
[2026-07-19T18:39:11.446Z] INFO: Finished Test Case: TC_ERROR_005 - Status: PASSED (33ms)

[2026-07-19T18:39:11.446Z] INFO: Starting Test Case: TC_ERROR_006 - Error Handling validation check - Scenario 6 [Priority: CRITICAL]
[2026-07-19T18:39:11.465Z] INFO: Finished Test Case: TC_ERROR_006 - Status: PASSED (19ms)

[2026-07-19T18:39:11.465Z] INFO: Starting Test Case: TC_ERROR_007 - Error Handling validation check - Scenario 7 [Priority: HIGH]
[2026-07-19T18:39:11.513Z] INFO: Finished Test Case: TC_ERROR_007 - Status: PASSED (48ms)

[2026-07-19T18:39:11.513Z] INFO: Starting Test Case: TC_ERROR_008 - Error Handling validation check - Scenario 8 [Priority: HIGH]
[2026-07-19T18:39:11.550Z] INFO: Finished Test Case: TC_ERROR_008 - Status: PASSED (37ms)

[2026-07-19T18:39:11.550Z] INFO: Starting Test Case: TC_ERROR_009 - Error Handling validation check - Scenario 9 [Priority: LOW]
[2026-07-19T18:39:11.596Z] INFO: Finished Test Case: TC_ERROR_009 - Status: PASSED (46ms)

[2026-07-19T18:39:11.596Z] INFO: Starting Test Case: TC_ERROR_010 - Error Handling validation check - Scenario 10 [Priority: MEDIUM]
[2026-07-19T18:39:11.646Z] INFO: Finished Test Case: TC_ERROR_010 - Status: PASSED (50ms)

[2026-07-19T18:39:11.646Z] INFO: Starting Test Case: TC_ERROR_011 - Error Handling validation check - Scenario 11 [Priority: CRITICAL]
[2026-07-19T18:39:11.691Z] INFO: Finished Test Case: TC_ERROR_011 - Status: PASSED (45ms)

[2026-07-19T18:39:11.692Z] INFO: Starting Test Case: TC_ERROR_012 - Error Handling validation check - Scenario 12 [Priority: HIGH]
[2026-07-19T18:39:11.723Z] INFO: Finished Test Case: TC_ERROR_012 - Status: PASSED (31ms)

[2026-07-19T18:39:11.723Z] INFO: Starting Test Case: TC_ERROR_013 - Error Handling validation check - Scenario 13 [Priority: HIGH]
[2026-07-19T18:39:11.772Z] INFO: Finished Test Case: TC_ERROR_013 - Status: PASSED (49ms)

[2026-07-19T18:39:11.772Z] INFO: Starting Test Case: TC_ERROR_014 - Error Handling validation check - Scenario 14 [Priority: LOW]
[2026-07-19T18:39:11.805Z] INFO: Finished Test Case: TC_ERROR_014 - Status: PASSED (33ms)

[2026-07-19T18:39:11.805Z] INFO: Starting Test Case: TC_ERROR_015 - Error Handling validation check - Scenario 15 [Priority: MEDIUM]
[2026-07-19T18:39:11.828Z] INFO: Finished Test Case: TC_ERROR_015 - Status: PASSED (23ms)

[2026-07-19T18:39:11.828Z] INFO: Starting Test Case: TC_ERROR_016 - Error Handling validation check - Scenario 16 [Priority: CRITICAL]
[2026-07-19T18:39:11.862Z] INFO: Finished Test Case: TC_ERROR_016 - Status: PASSED (34ms)

[2026-07-19T18:39:11.862Z] INFO: Starting Test Case: TC_ERROR_017 - Error Handling validation check - Scenario 17 [Priority: HIGH]
[2026-07-19T18:39:11.909Z] INFO: Finished Test Case: TC_ERROR_017 - Status: PASSED (47ms)

[2026-07-19T18:39:11.909Z] INFO: Starting Test Case: TC_ERROR_018 - Error Handling validation check - Scenario 18 [Priority: HIGH]
[2026-07-19T18:39:11.935Z] INFO: Finished Test Case: TC_ERROR_018 - Status: PASSED (26ms)

[2026-07-19T18:39:11.935Z] INFO: Starting Test Case: TC_ERROR_019 - Error Handling validation check - Scenario 19 [Priority: LOW]
[2026-07-19T18:39:11.955Z] INFO: Finished Test Case: TC_ERROR_019 - Status: PASSED (20ms)

[2026-07-19T18:39:11.955Z] INFO: Starting Test Case: TC_ERROR_020 - Error Handling validation check - Scenario 20 [Priority: MEDIUM]
[2026-07-19T18:39:12.004Z] INFO: Finished Test Case: TC_ERROR_020 - Status: PASSED (49ms)

[2026-07-19T18:39:12.004Z] INFO: Starting Test Case: TC_SESSION_001 - Session Management validation check - Scenario 1 [Priority: CRITICAL]
[2026-07-19T18:39:12.010Z] INFO: Finished Test Case: TC_SESSION_001 - Status: PASSED (6ms)

[2026-07-19T18:39:12.010Z] INFO: Starting Test Case: TC_SESSION_002 - Session Management validation check - Scenario 2 [Priority: HIGH]
[2026-07-19T18:39:12.029Z] INFO: Finished Test Case: TC_SESSION_002 - Status: PASSED (19ms)

[2026-07-19T18:39:12.029Z] INFO: Starting Test Case: TC_SESSION_003 - Session Management validation check - Scenario 3 [Priority: HIGH]
[2026-07-19T18:39:12.068Z] INFO: Finished Test Case: TC_SESSION_003 - Status: PASSED (39ms)

[2026-07-19T18:39:12.069Z] INFO: Starting Test Case: TC_SESSION_004 - Session Management validation check - Scenario 4 [Priority: LOW]
[2026-07-19T18:39:12.099Z] INFO: Finished Test Case: TC_SESSION_004 - Status: PASSED (30ms)

[2026-07-19T18:39:12.099Z] INFO: Starting Test Case: TC_SESSION_005 - Session Management validation check - Scenario 5 [Priority: MEDIUM]
[2026-07-19T18:39:12.136Z] INFO: Finished Test Case: TC_SESSION_005 - Status: PASSED (37ms)

[2026-07-19T18:39:12.137Z] INFO: Starting Test Case: TC_SESSION_006 - Session Management validation check - Scenario 6 [Priority: CRITICAL]
[2026-07-19T18:39:12.180Z] INFO: Finished Test Case: TC_SESSION_006 - Status: PASSED (43ms)

[2026-07-19T18:39:12.180Z] INFO: Starting Test Case: TC_SESSION_007 - Session Management validation check - Scenario 7 [Priority: HIGH]
[2026-07-19T18:39:12.225Z] INFO: Finished Test Case: TC_SESSION_007 - Status: PASSED (45ms)

[2026-07-19T18:39:12.225Z] INFO: Starting Test Case: TC_SESSION_008 - Session Management validation check - Scenario 8 [Priority: HIGH]
[2026-07-19T18:39:12.269Z] INFO: Finished Test Case: TC_SESSION_008 - Status: PASSED (44ms)

[2026-07-19T18:39:12.269Z] INFO: Starting Test Case: TC_SESSION_009 - Session Management validation check - Scenario 9 [Priority: LOW]
[2026-07-19T18:39:12.298Z] INFO: Finished Test Case: TC_SESSION_009 - Status: PASSED (29ms)

[2026-07-19T18:39:12.298Z] INFO: Starting Test Case: TC_SESSION_010 - Session Management validation check - Scenario 10 [Priority: MEDIUM]
[2026-07-19T18:39:12.347Z] INFO: Finished Test Case: TC_SESSION_010 - Status: PASSED (49ms)

[2026-07-19T18:39:12.347Z] INFO: Starting Test Case: TC_SESSION_011 - Session Management validation check - Scenario 11 [Priority: CRITICAL]
[2026-07-19T18:39:12.363Z] INFO: Finished Test Case: TC_SESSION_011 - Status: PASSED (16ms)

[2026-07-19T18:39:12.363Z] INFO: Starting Test Case: TC_SESSION_012 - Session Management validation check - Scenario 12 [Priority: HIGH]
[2026-07-19T18:39:12.390Z] INFO: Finished Test Case: TC_SESSION_012 - Status: PASSED (27ms)

[2026-07-19T18:39:12.390Z] INFO: Starting Test Case: TC_SESSION_013 - Session Management validation check - Scenario 13 [Priority: HIGH]
[2026-07-19T18:39:12.433Z] INFO: Finished Test Case: TC_SESSION_013 - Status: PASSED (43ms)

[2026-07-19T18:39:12.433Z] INFO: Starting Test Case: TC_SESSION_014 - Session Management validation check - Scenario 14 [Priority: LOW]
[2026-07-19T18:39:12.463Z] INFO: Finished Test Case: TC_SESSION_014 - Status: PASSED (30ms)

[2026-07-19T18:39:12.464Z] INFO: Starting Test Case: TC_SESSION_015 - Session Management validation check - Scenario 15 [Priority: MEDIUM]
[2026-07-19T18:39:12.498Z] INFO: Finished Test Case: TC_SESSION_015 - Status: PASSED (35ms)

[2026-07-19T18:39:12.498Z] INFO: Starting Test Case: TC_SESSION_016 - Session Management validation check - Scenario 16 [Priority: CRITICAL]
[2026-07-19T18:39:12.507Z] INFO: Finished Test Case: TC_SESSION_016 - Status: PASSED (9ms)

[2026-07-19T18:39:12.507Z] INFO: Starting Test Case: TC_SESSION_017 - Session Management validation check - Scenario 17 [Priority: HIGH]
[2026-07-19T18:39:12.548Z] INFO: Finished Test Case: TC_SESSION_017 - Status: PASSED (41ms)

[2026-07-19T18:39:12.548Z] INFO: Starting Test Case: TC_SESSION_018 - Session Management validation check - Scenario 18 [Priority: HIGH]
[2026-07-19T18:39:12.579Z] INFO: Finished Test Case: TC_SESSION_018 - Status: PASSED (31ms)

[2026-07-19T18:39:12.580Z] INFO: Starting Test Case: TC_SESSION_019 - Session Management validation check - Scenario 19 [Priority: LOW]
[2026-07-19T18:39:12.603Z] INFO: Finished Test Case: TC_SESSION_019 - Status: PASSED (23ms)

[2026-07-19T18:39:12.603Z] INFO: Starting Test Case: TC_SESSION_020 - Session Management validation check - Scenario 20 [Priority: MEDIUM]
[2026-07-19T18:39:12.618Z] INFO: Finished Test Case: TC_SESSION_020 - Status: PASSED (15ms)

[2026-07-19T18:39:12.619Z] INFO: Starting Test Case: TC_FILE_001 - File Upload validation check - Scenario 1 [Priority: CRITICAL]
[2026-07-19T18:39:12.633Z] INFO: Finished Test Case: TC_FILE_001 - Status: PASSED (14ms)

[2026-07-19T18:39:12.633Z] INFO: Starting Test Case: TC_FILE_002 - File Upload validation check - Scenario 2 [Priority: HIGH]
[2026-07-19T18:39:12.633Z] INFO: Running E2E: Large File Upload...
[2026-07-19T18:39:12.633Z] INFO: Finished Test Case: TC_FILE_002 - Status: PASSED (0ms)

[2026-07-19T18:39:12.633Z] INFO: Starting Test Case: TC_FILE_003 - File Upload validation check - Scenario 3 [Priority: HIGH]
[2026-07-19T18:39:12.655Z] INFO: Finished Test Case: TC_FILE_003 - Status: PASSED (21ms)

[2026-07-19T18:39:12.655Z] INFO: Starting Test Case: TC_FILE_004 - File Upload validation check - Scenario 4 [Priority: LOW]
[2026-07-19T18:39:12.691Z] INFO: Finished Test Case: TC_FILE_004 - Status: PASSED (36ms)

[2026-07-19T18:39:12.691Z] INFO: Starting Test Case: TC_FILE_005 - File Upload validation check - Scenario 5 [Priority: MEDIUM]
[2026-07-19T18:39:12.702Z] INFO: Finished Test Case: TC_FILE_005 - Status: PASSED (11ms)

[2026-07-19T18:39:12.702Z] INFO: Starting Test Case: TC_FILE_006 - File Upload validation check - Scenario 6 [Priority: CRITICAL]
[2026-07-19T18:39:12.733Z] INFO: Finished Test Case: TC_FILE_006 - Status: PASSED (31ms)

[2026-07-19T18:39:12.733Z] INFO: Starting Test Case: TC_FILE_007 - File Upload validation check - Scenario 7 [Priority: HIGH]
[2026-07-19T18:39:12.771Z] INFO: Finished Test Case: TC_FILE_007 - Status: PASSED (38ms)

[2026-07-19T18:39:12.771Z] INFO: Starting Test Case: TC_FILE_008 - File Upload validation check - Scenario 8 [Priority: HIGH]
[2026-07-19T18:39:12.795Z] INFO: Finished Test Case: TC_FILE_008 - Status: PASSED (24ms)

[2026-07-19T18:39:12.795Z] INFO: Starting Test Case: TC_FILE_009 - File Upload validation check - Scenario 9 [Priority: LOW]
[2026-07-19T18:39:12.834Z] INFO: Finished Test Case: TC_FILE_009 - Status: PASSED (39ms)

[2026-07-19T18:39:12.834Z] INFO: Starting Test Case: TC_FILE_010 - File Upload validation check - Scenario 10 [Priority: MEDIUM]
[2026-07-19T18:39:12.881Z] INFO: Finished Test Case: TC_FILE_010 - Status: PASSED (47ms)

[2026-07-19T18:39:12.881Z] INFO: Starting Test Case: TC_FILE_011 - File Upload validation check - Scenario 11 [Priority: CRITICAL]
[2026-07-19T18:39:12.926Z] INFO: Finished Test Case: TC_FILE_011 - Status: PASSED (45ms)

[2026-07-19T18:39:12.926Z] INFO: Starting Test Case: TC_FILE_012 - File Upload validation check - Scenario 12 [Priority: HIGH]
[2026-07-19T18:39:12.960Z] INFO: Finished Test Case: TC_FILE_012 - Status: PASSED (34ms)

[2026-07-19T18:39:12.961Z] INFO: Starting Test Case: TC_FILE_013 - File Upload validation check - Scenario 13 [Priority: HIGH]
[2026-07-19T18:39:12.978Z] INFO: Finished Test Case: TC_FILE_013 - Status: PASSED (17ms)

[2026-07-19T18:39:12.978Z] INFO: Starting Test Case: TC_FILE_014 - File Upload validation check - Scenario 14 [Priority: LOW]
[2026-07-19T18:39:13.017Z] INFO: Finished Test Case: TC_FILE_014 - Status: PASSED (39ms)

[2026-07-19T18:39:13.017Z] INFO: Starting Test Case: TC_FILE_015 - File Upload validation check - Scenario 15 [Priority: MEDIUM]
[2026-07-19T18:39:13.042Z] INFO: Finished Test Case: TC_FILE_015 - Status: PASSED (25ms)

[2026-07-19T18:39:13.042Z] INFO: Starting Test Case: TC_FILE_016 - File Upload validation check - Scenario 16 [Priority: CRITICAL]
[2026-07-19T18:39:13.048Z] INFO: Finished Test Case: TC_FILE_016 - Status: PASSED (6ms)

[2026-07-19T18:39:13.048Z] INFO: Starting Test Case: TC_FILE_017 - File Upload validation check - Scenario 17 [Priority: HIGH]
[2026-07-19T18:39:13.057Z] INFO: Finished Test Case: TC_FILE_017 - Status: PASSED (9ms)

[2026-07-19T18:39:13.057Z] INFO: Starting Test Case: TC_FILE_018 - File Upload validation check - Scenario 18 [Priority: HIGH]
[2026-07-19T18:39:13.101Z] INFO: Finished Test Case: TC_FILE_018 - Status: PASSED (44ms)

[2026-07-19T18:39:13.102Z] INFO: Starting Test Case: TC_FILE_019 - File Upload validation check - Scenario 19 [Priority: LOW]
[2026-07-19T18:39:13.109Z] INFO: Finished Test Case: TC_FILE_019 - Status: PASSED (7ms)

[2026-07-19T18:39:13.109Z] INFO: Starting Test Case: TC_FILE_020 - File Upload validation check - Scenario 20 [Priority: MEDIUM]
[2026-07-19T18:39:13.145Z] INFO: Finished Test Case: TC_FILE_020 - Status: PASSED (36ms)

[2026-07-19T18:39:13.146Z] INFO: Starting Test Case: TC_A11Y_001 - Accessibility validation check - Scenario 1 [Priority: CRITICAL]
[2026-07-19T18:39:13.157Z] INFO: Finished Test Case: TC_A11Y_001 - Status: PASSED (11ms)

[2026-07-19T18:39:13.157Z] INFO: Starting Test Case: TC_A11Y_002 - Accessibility validation check - Scenario 2 [Priority: HIGH]
[2026-07-19T18:39:13.198Z] INFO: Finished Test Case: TC_A11Y_002 - Status: PASSED (40ms)

[2026-07-19T18:39:13.198Z] INFO: Starting Test Case: TC_A11Y_003 - Accessibility validation check - Scenario 3 [Priority: HIGH]
[2026-07-19T18:39:13.247Z] INFO: Finished Test Case: TC_A11Y_003 - Status: PASSED (49ms)

[2026-07-19T18:39:13.247Z] INFO: Starting Test Case: TC_A11Y_004 - Accessibility validation check - Scenario 4 [Priority: LOW]
[2026-07-19T18:39:13.257Z] INFO: Finished Test Case: TC_A11Y_004 - Status: PASSED (10ms)

[2026-07-19T18:39:13.257Z] INFO: Starting Test Case: TC_A11Y_005 - Accessibility validation check - Scenario 5 [Priority: MEDIUM]
[2026-07-19T18:39:13.302Z] INFO: Finished Test Case: TC_A11Y_005 - Status: PASSED (45ms)

[2026-07-19T18:39:13.302Z] INFO: Starting Test Case: TC_A11Y_006 - Accessibility validation check - Scenario 6 [Priority: CRITICAL]
[2026-07-19T18:39:13.345Z] INFO: Finished Test Case: TC_A11Y_006 - Status: PASSED (43ms)

[2026-07-19T18:39:13.345Z] INFO: Starting Test Case: TC_A11Y_007 - Accessibility validation check - Scenario 7 [Priority: HIGH]
[2026-07-19T18:39:13.388Z] INFO: Finished Test Case: TC_A11Y_007 - Status: PASSED (43ms)

[2026-07-19T18:39:13.389Z] INFO: Starting Test Case: TC_A11Y_008 - Accessibility validation check - Scenario 8 [Priority: HIGH]
[2026-07-19T18:39:13.418Z] INFO: Finished Test Case: TC_A11Y_008 - Status: PASSED (29ms)

[2026-07-19T18:39:13.418Z] INFO: Starting Test Case: TC_A11Y_009 - Accessibility validation check - Scenario 9 [Priority: LOW]
[2026-07-19T18:39:13.426Z] INFO: Finished Test Case: TC_A11Y_009 - Status: PASSED (8ms)

[2026-07-19T18:39:13.427Z] INFO: Starting Test Case: TC_A11Y_010 - Accessibility validation check - Scenario 10 [Priority: MEDIUM]
[2026-07-19T18:39:13.469Z] INFO: Finished Test Case: TC_A11Y_010 - Status: PASSED (42ms)

[2026-07-19T18:39:13.469Z] INFO: Starting Test Case: TC_A11Y_011 - Accessibility validation check - Scenario 11 [Priority: CRITICAL]
[2026-07-19T18:39:13.517Z] INFO: Finished Test Case: TC_A11Y_011 - Status: PASSED (47ms)

[2026-07-19T18:39:13.517Z] INFO: Starting Test Case: TC_A11Y_012 - Accessibility validation check - Scenario 12 [Priority: HIGH]
[2026-07-19T18:39:13.539Z] INFO: Finished Test Case: TC_A11Y_012 - Status: PASSED (22ms)

[2026-07-19T18:39:13.539Z] INFO: Starting Test Case: TC_A11Y_013 - Accessibility validation check - Scenario 13 [Priority: HIGH]
[2026-07-19T18:39:13.567Z] INFO: Finished Test Case: TC_A11Y_013 - Status: PASSED (28ms)

[2026-07-19T18:39:13.567Z] INFO: Starting Test Case: TC_A11Y_014 - Accessibility validation check - Scenario 14 [Priority: LOW]
[2026-07-19T18:39:13.604Z] INFO: Finished Test Case: TC_A11Y_014 - Status: PASSED (37ms)

[2026-07-19T18:39:13.604Z] INFO: Starting Test Case: TC_A11Y_015 - Accessibility validation check - Scenario 15 [Priority: MEDIUM]
[2026-07-19T18:39:13.650Z] INFO: Finished Test Case: TC_A11Y_015 - Status: PASSED (46ms)

[2026-07-19T18:39:13.650Z] INFO: Starting Test Case: TC_A11Y_016 - Accessibility validation check - Scenario 16 [Priority: CRITICAL]
[2026-07-19T18:39:13.678Z] INFO: Finished Test Case: TC_A11Y_016 - Status: PASSED (28ms)

[2026-07-19T18:39:13.679Z] INFO: Starting Test Case: TC_A11Y_017 - Accessibility validation check - Scenario 17 [Priority: HIGH]
[2026-07-19T18:39:13.693Z] INFO: Finished Test Case: TC_A11Y_017 - Status: PASSED (14ms)

[2026-07-19T18:39:13.693Z] INFO: Starting Test Case: TC_A11Y_018 - Accessibility validation check - Scenario 18 [Priority: HIGH]
[2026-07-19T18:39:13.734Z] INFO: Finished Test Case: TC_A11Y_018 - Status: PASSED (40ms)

[2026-07-19T18:39:13.734Z] INFO: Starting Test Case: TC_A11Y_019 - Accessibility validation check - Scenario 19 [Priority: LOW]
[2026-07-19T18:39:13.742Z] INFO: Finished Test Case: TC_A11Y_019 - Status: PASSED (8ms)

[2026-07-19T18:39:13.742Z] INFO: Starting Test Case: TC_A11Y_020 - Accessibility validation check - Scenario 20 [Priority: MEDIUM]
[2026-07-19T18:39:13.782Z] INFO: Finished Test Case: TC_A11Y_020 - Status: PASSED (40ms)

[2026-07-19T18:39:13.783Z] INFO: Starting Test Case: TC_RESPONSIVE_001 - Responsive Design validation check - Scenario 1 [Priority: CRITICAL]
[2026-07-19T18:39:13.820Z] INFO: Finished Test Case: TC_RESPONSIVE_001 - Status: PASSED (37ms)

[2026-07-19T18:39:13.820Z] INFO: Starting Test Case: TC_RESPONSIVE_002 - Responsive Design validation check - Scenario 2 [Priority: HIGH]
[2026-07-19T18:39:13.865Z] INFO: Finished Test Case: TC_RESPONSIVE_002 - Status: PASSED (45ms)

[2026-07-19T18:39:13.865Z] INFO: Starting Test Case: TC_RESPONSIVE_003 - Responsive Design validation check - Scenario 3 [Priority: HIGH]
[2026-07-19T18:39:13.913Z] INFO: Finished Test Case: TC_RESPONSIVE_003 - Status: PASSED (48ms)

[2026-07-19T18:39:13.913Z] INFO: Starting Test Case: TC_RESPONSIVE_004 - Responsive Design validation check - Scenario 4 [Priority: LOW]
[2026-07-19T18:39:13.954Z] INFO: Finished Test Case: TC_RESPONSIVE_004 - Status: PASSED (41ms)

[2026-07-19T18:39:13.954Z] INFO: Starting Test Case: TC_RESPONSIVE_005 - Responsive Design validation check - Scenario 5 [Priority: MEDIUM]
[2026-07-19T18:39:13.974Z] INFO: Finished Test Case: TC_RESPONSIVE_005 - Status: PASSED (20ms)

[2026-07-19T18:39:13.975Z] INFO: Starting Test Case: TC_RESPONSIVE_006 - Responsive Design validation check - Scenario 6 [Priority: CRITICAL]
[2026-07-19T18:39:14.009Z] INFO: Finished Test Case: TC_RESPONSIVE_006 - Status: PASSED (34ms)

[2026-07-19T18:39:14.009Z] INFO: Starting Test Case: TC_RESPONSIVE_007 - Responsive Design validation check - Scenario 7 [Priority: HIGH]
[2026-07-19T18:39:14.035Z] INFO: Finished Test Case: TC_RESPONSIVE_007 - Status: PASSED (26ms)

[2026-07-19T18:39:14.036Z] INFO: Starting Test Case: TC_RESPONSIVE_008 - Responsive Design validation check - Scenario 8 [Priority: HIGH]
[2026-07-19T18:39:14.082Z] INFO: Finished Test Case: TC_RESPONSIVE_008 - Status: PASSED (46ms)

[2026-07-19T18:39:14.082Z] INFO: Starting Test Case: TC_RESPONSIVE_009 - Responsive Design validation check - Scenario 9 [Priority: LOW]
[2026-07-19T18:39:14.118Z] INFO: Finished Test Case: TC_RESPONSIVE_009 - Status: PASSED (36ms)

[2026-07-19T18:39:14.118Z] INFO: Starting Test Case: TC_RESPONSIVE_010 - Responsive Design validation check - Scenario 10 [Priority: MEDIUM]
[2026-07-19T18:39:14.128Z] INFO: Finished Test Case: TC_RESPONSIVE_010 - Status: PASSED (10ms)

[2026-07-19T18:39:14.128Z] INFO: Starting Test Case: TC_RESPONSIVE_011 - Responsive Design validation check - Scenario 11 [Priority: CRITICAL]
[2026-07-19T18:39:14.135Z] INFO: Finished Test Case: TC_RESPONSIVE_011 - Status: PASSED (6ms)

[2026-07-19T18:39:14.135Z] INFO: Starting Test Case: TC_RESPONSIVE_012 - Responsive Design validation check - Scenario 12 [Priority: HIGH]
[2026-07-19T18:39:14.153Z] INFO: Finished Test Case: TC_RESPONSIVE_012 - Status: PASSED (18ms)

[2026-07-19T18:39:14.153Z] INFO: Starting Test Case: TC_RESPONSIVE_013 - Responsive Design validation check - Scenario 13 [Priority: HIGH]
[2026-07-19T18:39:14.166Z] INFO: Finished Test Case: TC_RESPONSIVE_013 - Status: PASSED (13ms)

[2026-07-19T18:39:14.167Z] INFO: Starting Test Case: TC_RESPONSIVE_014 - Responsive Design validation check - Scenario 14 [Priority: LOW]
[2026-07-19T18:39:14.188Z] INFO: Finished Test Case: TC_RESPONSIVE_014 - Status: PASSED (21ms)

[2026-07-19T18:39:14.188Z] INFO: Starting Test Case: TC_RESPONSIVE_015 - Responsive Design validation check - Scenario 15 [Priority: MEDIUM]
[2026-07-19T18:39:14.221Z] INFO: Finished Test Case: TC_RESPONSIVE_015 - Status: PASSED (33ms)

[2026-07-19T18:39:14.222Z] INFO: Starting Test Case: TC_RESPONSIVE_016 - Responsive Design validation check - Scenario 16 [Priority: CRITICAL]
[2026-07-19T18:39:14.267Z] INFO: Finished Test Case: TC_RESPONSIVE_016 - Status: PASSED (45ms)

[2026-07-19T18:39:14.267Z] INFO: Starting Test Case: TC_RESPONSIVE_017 - Responsive Design validation check - Scenario 17 [Priority: HIGH]
[2026-07-19T18:39:14.281Z] INFO: Finished Test Case: TC_RESPONSIVE_017 - Status: PASSED (14ms)

[2026-07-19T18:39:14.281Z] INFO: Starting Test Case: TC_RESPONSIVE_018 - Responsive Design validation check - Scenario 18 [Priority: HIGH]
[2026-07-19T18:39:14.298Z] INFO: Finished Test Case: TC_RESPONSIVE_018 - Status: PASSED (17ms)

[2026-07-19T18:39:14.298Z] INFO: Starting Test Case: TC_RESPONSIVE_019 - Responsive Design validation check - Scenario 19 [Priority: LOW]
[2026-07-19T18:39:14.331Z] INFO: Finished Test Case: TC_RESPONSIVE_019 - Status: PASSED (33ms)

[2026-07-19T18:39:14.331Z] INFO: Starting Test Case: TC_RESPONSIVE_020 - Responsive Design validation check - Scenario 20 [Priority: MEDIUM]
[2026-07-19T18:39:14.376Z] INFO: Finished Test Case: TC_RESPONSIVE_020 - Status: PASSED (45ms)

[2026-07-19T18:39:14.376Z] INFO: Starting Test Case: TC_PERF_001 - Performance Smoke validation check - Scenario 1 [Priority: CRITICAL]
[2026-07-19T18:39:14.382Z] INFO: Finished Test Case: TC_PERF_001 - Status: PASSED (5ms)

[2026-07-19T18:39:14.382Z] INFO: Starting Test Case: TC_PERF_002 - Performance Smoke validation check - Scenario 2 [Priority: HIGH]
[2026-07-19T18:39:14.419Z] INFO: Finished Test Case: TC_PERF_002 - Status: PASSED (37ms)

[2026-07-19T18:39:14.419Z] INFO: Starting Test Case: TC_PERF_003 - Performance Smoke validation check - Scenario 3 [Priority: HIGH]
[2026-07-19T18:39:14.440Z] INFO: Finished Test Case: TC_PERF_003 - Status: PASSED (21ms)

[2026-07-19T18:39:14.441Z] INFO: Starting Test Case: TC_PERF_004 - Performance Smoke validation check - Scenario 4 [Priority: LOW]
[2026-07-19T18:39:14.459Z] INFO: Finished Test Case: TC_PERF_004 - Status: PASSED (18ms)

[2026-07-19T18:39:14.459Z] INFO: Starting Test Case: TC_PERF_005 - Performance Smoke validation check - Scenario 5 [Priority: MEDIUM]
[2026-07-19T18:39:14.500Z] INFO: Finished Test Case: TC_PERF_005 - Status: PASSED (41ms)

[2026-07-19T18:39:14.501Z] INFO: Starting Test Case: TC_PERF_006 - Performance Smoke validation check - Scenario 6 [Priority: CRITICAL]
[2026-07-19T18:39:14.536Z] INFO: Finished Test Case: TC_PERF_006 - Status: PASSED (35ms)

[2026-07-19T18:39:14.536Z] INFO: Starting Test Case: TC_PERF_007 - Performance Smoke validation check - Scenario 7 [Priority: HIGH]
[2026-07-19T18:39:14.555Z] INFO: Finished Test Case: TC_PERF_007 - Status: PASSED (19ms)

[2026-07-19T18:39:14.555Z] INFO: Starting Test Case: TC_PERF_008 - Performance Smoke validation check - Scenario 8 [Priority: HIGH]
[2026-07-19T18:39:14.596Z] INFO: Finished Test Case: TC_PERF_008 - Status: PASSED (41ms)

[2026-07-19T18:39:14.596Z] INFO: Starting Test Case: TC_PERF_009 - Performance Smoke validation check - Scenario 9 [Priority: LOW]
[2026-07-19T18:39:14.631Z] INFO: Finished Test Case: TC_PERF_009 - Status: PASSED (35ms)

[2026-07-19T18:39:14.631Z] INFO: Starting Test Case: TC_PERF_010 - Performance Smoke validation check - Scenario 10 [Priority: MEDIUM]
[2026-07-19T18:39:14.671Z] INFO: Finished Test Case: TC_PERF_010 - Status: PASSED (40ms)

[2026-07-19T18:39:14.672Z] INFO: Starting Test Case: TC_PERF_011 - Performance Smoke validation check - Scenario 11 [Priority: CRITICAL]
[2026-07-19T18:39:14.687Z] INFO: Finished Test Case: TC_PERF_011 - Status: PASSED (16ms)

[2026-07-19T18:39:14.687Z] INFO: Starting Test Case: TC_PERF_012 - Performance Smoke validation check - Scenario 12 [Priority: HIGH]
[2026-07-19T18:39:14.703Z] INFO: Finished Test Case: TC_PERF_012 - Status: PASSED (16ms)

[2026-07-19T18:39:14.703Z] INFO: Starting Test Case: TC_PERF_013 - Performance Smoke validation check - Scenario 13 [Priority: HIGH]
[2026-07-19T18:39:14.736Z] INFO: Finished Test Case: TC_PERF_013 - Status: PASSED (33ms)

[2026-07-19T18:39:14.736Z] INFO: Starting Test Case: TC_PERF_014 - Performance Smoke validation check - Scenario 14 [Priority: LOW]
[2026-07-19T18:39:14.771Z] INFO: Finished Test Case: TC_PERF_014 - Status: PASSED (35ms)

[2026-07-19T18:39:14.771Z] INFO: Starting Test Case: TC_PERF_015 - Performance Smoke validation check - Scenario 15 [Priority: MEDIUM]
[2026-07-19T18:39:14.797Z] INFO: Finished Test Case: TC_PERF_015 - Status: PASSED (26ms)

[2026-07-19T18:39:14.797Z] INFO: Starting Test Case: TC_PERF_016 - Performance Smoke validation check - Scenario 16 [Priority: CRITICAL]
[2026-07-19T18:39:14.814Z] INFO: Finished Test Case: TC_PERF_016 - Status: PASSED (17ms)

[2026-07-19T18:39:14.814Z] INFO: Starting Test Case: TC_PERF_017 - Performance Smoke validation check - Scenario 17 [Priority: HIGH]
[2026-07-19T18:39:14.837Z] INFO: Finished Test Case: TC_PERF_017 - Status: PASSED (23ms)

[2026-07-19T18:39:14.837Z] INFO: Starting Test Case: TC_PERF_018 - Performance Smoke validation check - Scenario 18 [Priority: HIGH]
[2026-07-19T18:39:14.865Z] INFO: Finished Test Case: TC_PERF_018 - Status: PASSED (28ms)

[2026-07-19T18:39:14.865Z] INFO: Starting Test Case: TC_PERF_019 - Performance Smoke validation check - Scenario 19 [Priority: LOW]
[2026-07-19T18:39:14.911Z] INFO: Finished Test Case: TC_PERF_019 - Status: PASSED (46ms)

[2026-07-19T18:39:14.912Z] INFO: Starting Test Case: TC_PERF_020 - Performance Smoke validation check - Scenario 20 [Priority: MEDIUM]
[2026-07-19T18:39:14.957Z] INFO: Finished Test Case: TC_PERF_020 - Status: PASSED (45ms)

[2026-07-19T18:39:14.957Z] INFO: Starting Test Case: TC_REGR_001 - Regression validation check - Scenario 1 [Priority: CRITICAL]
[2026-07-19T18:39:15.007Z] INFO: Finished Test Case: TC_REGR_001 - Status: PASSED (50ms)

[2026-07-19T18:39:15.007Z] INFO: Starting Test Case: TC_REGR_002 - Regression validation check - Scenario 2 [Priority: HIGH]
[2026-07-19T18:39:15.022Z] INFO: Finished Test Case: TC_REGR_002 - Status: PASSED (15ms)

[2026-07-19T18:39:15.022Z] INFO: Starting Test Case: TC_REGR_003 - Regression validation check - Scenario 3 [Priority: HIGH]
[2026-07-19T18:39:15.055Z] INFO: Finished Test Case: TC_REGR_003 - Status: PASSED (32ms)

[2026-07-19T18:39:15.055Z] INFO: Starting Test Case: TC_REGR_004 - Regression validation check - Scenario 4 [Priority: LOW]
[2026-07-19T18:39:15.069Z] INFO: Finished Test Case: TC_REGR_004 - Status: PASSED (14ms)

[2026-07-19T18:39:15.069Z] INFO: Starting Test Case: TC_REGR_005 - Regression validation check - Scenario 5 [Priority: MEDIUM]
[2026-07-19T18:39:15.110Z] INFO: Finished Test Case: TC_REGR_005 - Status: PASSED (41ms)

[2026-07-19T18:39:15.111Z] INFO: Starting Test Case: TC_REGR_006 - Regression validation check - Scenario 6 [Priority: CRITICAL]
[2026-07-19T18:39:15.119Z] INFO: Finished Test Case: TC_REGR_006 - Status: PASSED (8ms)

[2026-07-19T18:39:15.119Z] INFO: Starting Test Case: TC_REGR_007 - Regression validation check - Scenario 7 [Priority: HIGH]
[2026-07-19T18:39:15.161Z] INFO: Finished Test Case: TC_REGR_007 - Status: PASSED (42ms)

[2026-07-19T18:39:15.161Z] INFO: Starting Test Case: TC_REGR_008 - Regression validation check - Scenario 8 [Priority: HIGH]
[2026-07-19T18:39:15.172Z] INFO: Finished Test Case: TC_REGR_008 - Status: PASSED (11ms)

[2026-07-19T18:39:15.172Z] INFO: Starting Test Case: TC_REGR_009 - Regression validation check - Scenario 9 [Priority: LOW]
[2026-07-19T18:39:15.190Z] INFO: Finished Test Case: TC_REGR_009 - Status: PASSED (18ms)

[2026-07-19T18:39:15.190Z] INFO: Starting Test Case: TC_REGR_010 - Regression validation check - Scenario 10 [Priority: MEDIUM]
[2026-07-19T18:39:15.236Z] INFO: Finished Test Case: TC_REGR_010 - Status: PASSED (46ms)

[2026-07-19T18:39:15.236Z] INFO: Starting Test Case: TC_REGR_011 - Regression validation check - Scenario 11 [Priority: CRITICAL]
[2026-07-19T18:39:15.270Z] INFO: Finished Test Case: TC_REGR_011 - Status: PASSED (34ms)

[2026-07-19T18:39:15.270Z] INFO: Starting Test Case: TC_REGR_012 - Regression validation check - Scenario 12 [Priority: HIGH]
[2026-07-19T18:39:15.288Z] INFO: Finished Test Case: TC_REGR_012 - Status: PASSED (18ms)

[2026-07-19T18:39:15.288Z] INFO: Starting Test Case: TC_REGR_013 - Regression validation check - Scenario 13 [Priority: HIGH]
[2026-07-19T18:39:15.327Z] INFO: Finished Test Case: TC_REGR_013 - Status: PASSED (39ms)

[2026-07-19T18:39:15.327Z] INFO: Starting Test Case: TC_REGR_014 - Regression validation check - Scenario 14 [Priority: LOW]
[2026-07-19T18:39:15.339Z] INFO: Finished Test Case: TC_REGR_014 - Status: PASSED (12ms)

[2026-07-19T18:39:15.339Z] INFO: Starting Test Case: TC_REGR_015 - Regression validation check - Scenario 15 [Priority: MEDIUM]
[2026-07-19T18:39:15.360Z] INFO: Finished Test Case: TC_REGR_015 - Status: PASSED (21ms)

[2026-07-19T18:39:15.360Z] INFO: Starting Test Case: TC_REGR_016 - Regression validation check - Scenario 16 [Priority: CRITICAL]
[2026-07-19T18:39:15.367Z] INFO: Finished Test Case: TC_REGR_016 - Status: PASSED (7ms)

[2026-07-19T18:39:15.367Z] INFO: Starting Test Case: TC_REGR_017 - Regression validation check - Scenario 17 [Priority: HIGH]
[2026-07-19T18:39:15.389Z] INFO: Finished Test Case: TC_REGR_017 - Status: PASSED (22ms)

[2026-07-19T18:39:15.389Z] INFO: Starting Test Case: TC_REGR_018 - Regression validation check - Scenario 18 [Priority: HIGH]
[2026-07-19T18:39:15.403Z] INFO: Finished Test Case: TC_REGR_018 - Status: PASSED (14ms)

[2026-07-19T18:39:15.403Z] INFO: Starting Test Case: TC_REGR_019 - Regression validation check - Scenario 19 [Priority: LOW]
[2026-07-19T18:39:15.429Z] INFO: Finished Test Case: TC_REGR_019 - Status: PASSED (26ms)

[2026-07-19T18:39:15.430Z] INFO: Starting Test Case: TC_REGR_020 - Regression validation check - Scenario 20 [Priority: MEDIUM]
[2026-07-19T18:39:15.465Z] INFO: Finished Test Case: TC_REGR_020 - Status: PASSED (35ms)

[2026-07-19T18:39:15.465Z] INFO: Starting Test Case: TC_REGR_021 - Regression validation check - Scenario 21 [Priority: CRITICAL]
[2026-07-19T18:39:15.481Z] INFO: Finished Test Case: TC_REGR_021 - Status: PASSED (16ms)

[2026-07-19T18:39:15.481Z] INFO: Starting Test Case: TC_REGR_022 - Regression validation check - Scenario 22 [Priority: HIGH]
[2026-07-19T18:39:15.488Z] INFO: Finished Test Case: TC_REGR_022 - Status: PASSED (7ms)

[2026-07-19T18:39:15.488Z] INFO: Starting Test Case: TC_REGR_023 - Regression validation check - Scenario 23 [Priority: HIGH]
[2026-07-19T18:39:15.523Z] INFO: Finished Test Case: TC_REGR_023 - Status: PASSED (35ms)

[2026-07-19T18:39:15.523Z] INFO: Starting Test Case: TC_REGR_024 - Regression validation check - Scenario 24 [Priority: LOW]
[2026-07-19T18:39:15.544Z] INFO: Finished Test Case: TC_REGR_024 - Status: PASSED (21ms)

[2026-07-19T18:39:15.544Z] INFO: Starting Test Case: TC_REGR_025 - Regression validation check - Scenario 25 [Priority: MEDIUM]
[2026-07-19T18:39:15.586Z] INFO: Finished Test Case: TC_REGR_025 - Status: PASSED (42ms)

[2026-07-19T18:39:15.586Z] INFO: Starting Test Case: TC_REGR_026 - Regression validation check - Scenario 26 [Priority: CRITICAL]
[2026-07-19T18:39:15.595Z] INFO: Finished Test Case: TC_REGR_026 - Status: PASSED (9ms)

[2026-07-19T18:39:15.595Z] INFO: Starting Test Case: TC_REGR_027 - Regression validation check - Scenario 27 [Priority: HIGH]
[2026-07-19T18:39:15.606Z] INFO: Finished Test Case: TC_REGR_027 - Status: PASSED (11ms)

[2026-07-19T18:39:15.606Z] INFO: Starting Test Case: TC_REGR_028 - Regression validation check - Scenario 28 [Priority: HIGH]
[2026-07-19T18:39:15.612Z] INFO: Finished Test Case: TC_REGR_028 - Status: PASSED (6ms)

[2026-07-19T18:39:15.612Z] INFO: Starting Test Case: TC_REGR_029 - Regression validation check - Scenario 29 [Priority: LOW]
[2026-07-19T18:39:15.633Z] INFO: Finished Test Case: TC_REGR_029 - Status: PASSED (21ms)

[2026-07-19T18:39:15.633Z] INFO: Starting Test Case: TC_REGR_030 - Regression validation check - Scenario 30 [Priority: MEDIUM]
[2026-07-19T18:39:15.678Z] INFO: Finished Test Case: TC_REGR_030 - Status: PASSED (45ms)

[2026-07-19T18:39:15.678Z] INFO: Starting Test Case: TC_REGR_031 - Regression validation check - Scenario 31 [Priority: CRITICAL]
[2026-07-19T18:39:15.712Z] INFO: Finished Test Case: TC_REGR_031 - Status: PASSED (34ms)

[2026-07-19T18:39:15.712Z] INFO: Starting Test Case: TC_REGR_032 - Regression validation check - Scenario 32 [Priority: HIGH]
[2026-07-19T18:39:15.717Z] INFO: Finished Test Case: TC_REGR_032 - Status: PASSED (5ms)

[2026-07-19T18:39:15.717Z] INFO: Starting Test Case: TC_REGR_033 - Regression validation check - Scenario 33 [Priority: HIGH]
[2026-07-19T18:39:15.731Z] INFO: Finished Test Case: TC_REGR_033 - Status: PASSED (14ms)

[2026-07-19T18:39:15.731Z] INFO: Starting Test Case: TC_REGR_034 - Regression validation check - Scenario 34 [Priority: LOW]
[2026-07-19T18:39:15.750Z] INFO: Finished Test Case: TC_REGR_034 - Status: PASSED (19ms)

[2026-07-19T18:39:15.751Z] INFO: Starting Test Case: TC_REGR_035 - Regression validation check - Scenario 35 [Priority: MEDIUM]
[2026-07-19T18:39:15.764Z] INFO: Finished Test Case: TC_REGR_035 - Status: PASSED (13ms)

[2026-07-19T18:39:15.764Z] INFO: Starting Test Case: TC_REGR_036 - Regression validation check - Scenario 36 [Priority: CRITICAL]
[2026-07-19T18:39:15.794Z] INFO: Finished Test Case: TC_REGR_036 - Status: PASSED (30ms)

[2026-07-19T18:39:15.795Z] INFO: Starting Test Case: TC_REGR_037 - Regression validation check - Scenario 37 [Priority: HIGH]
[2026-07-19T18:39:15.805Z] INFO: Finished Test Case: TC_REGR_037 - Status: PASSED (10ms)

[2026-07-19T18:39:15.805Z] INFO: Starting Test Case: TC_REGR_038 - Regression validation check - Scenario 38 [Priority: HIGH]
[2026-07-19T18:39:15.834Z] INFO: Finished Test Case: TC_REGR_038 - Status: PASSED (29ms)

[2026-07-19T18:39:15.834Z] INFO: Starting Test Case: TC_REGR_039 - Regression validation check - Scenario 39 [Priority: LOW]
[2026-07-19T18:39:15.862Z] INFO: Finished Test Case: TC_REGR_039 - Status: PASSED (28ms)

[2026-07-19T18:39:15.862Z] INFO: Starting Test Case: TC_REGR_040 - Regression validation check - Scenario 40 [Priority: MEDIUM]
[2026-07-19T18:39:15.869Z] INFO: Finished Test Case: TC_REGR_040 - Status: PASSED (7ms)

[2026-07-19T18:39:15.869Z] INFO: Starting Test Case: TC_REGR_041 - Regression validation check - Scenario 41 [Priority: CRITICAL]
[2026-07-19T18:39:15.889Z] INFO: Finished Test Case: TC_REGR_041 - Status: PASSED (20ms)

[2026-07-19T18:39:15.890Z] INFO: Starting Test Case: TC_REGR_042 - Regression validation check - Scenario 42 [Priority: HIGH]
[2026-07-19T18:39:15.910Z] INFO: Finished Test Case: TC_REGR_042 - Status: PASSED (20ms)

[2026-07-19T18:39:15.910Z] INFO: Starting Test Case: TC_REGR_043 - Regression validation check - Scenario 43 [Priority: HIGH]
[2026-07-19T18:39:15.955Z] INFO: Finished Test Case: TC_REGR_043 - Status: PASSED (45ms)

[2026-07-19T18:39:15.955Z] INFO: Starting Test Case: TC_REGR_044 - Regression validation check - Scenario 44 [Priority: LOW]
[2026-07-19T18:39:15.970Z] INFO: Finished Test Case: TC_REGR_044 - Status: PASSED (15ms)

[2026-07-19T18:39:15.970Z] INFO: Starting Test Case: TC_REGR_045 - Regression validation check - Scenario 45 [Priority: MEDIUM]
[2026-07-19T18:39:15.997Z] INFO: Finished Test Case: TC_REGR_045 - Status: PASSED (27ms)

[2026-07-19T18:39:15.997Z] INFO: Starting Test Case: TC_REGR_046 - Regression validation check - Scenario 46 [Priority: CRITICAL]
[2026-07-19T18:39:16.011Z] INFO: Finished Test Case: TC_REGR_046 - Status: PASSED (14ms)

[2026-07-19T18:39:16.012Z] INFO: Starting Test Case: TC_REGR_047 - Regression validation check - Scenario 47 [Priority: HIGH]
[2026-07-19T18:39:16.018Z] INFO: Finished Test Case: TC_REGR_047 - Status: PASSED (6ms)

[2026-07-19T18:39:16.018Z] INFO: Starting Test Case: TC_REGR_048 - Regression validation check - Scenario 48 [Priority: HIGH]
[2026-07-19T18:39:16.034Z] INFO: Finished Test Case: TC_REGR_048 - Status: PASSED (16ms)

[2026-07-19T18:39:16.034Z] INFO: Starting Test Case: TC_REGR_049 - Regression validation check - Scenario 49 [Priority: LOW]
[2026-07-19T18:39:16.040Z] INFO: Finished Test Case: TC_REGR_049 - Status: PASSED (6ms)

[2026-07-19T18:39:16.041Z] INFO: Starting Test Case: TC_REGR_050 - Regression validation check - Scenario 50 [Priority: MEDIUM]
[2026-07-19T18:39:16.089Z] INFO: Finished Test Case: TC_REGR_050 - Status: PASSED (48ms)

[2026-07-19T18:39:16.089Z] INFO: Closing Chrome driver session...
[2026-07-19T18:39:16.092Z] INFO: Browser logs saved successfully to: /home/runner/work/neurostay-ai/neurostay-ai/automation/reports/Logs/browser-console.log
[2026-07-19T18:39:16.145Z] INFO: Session closed.
[2026-07-19T18:39:16.145Z] INFO: E2E suite execution finished. Total duration: 45.79s
[2026-07-19T18:39:16.145Z] INFO: Generating Excel automation reports...
[2026-07-19T18:39:16.360Z] INFO: Master Excel report written to: /home/runner/work/neurostay-ai/neurostay-ai/automation/reports/Excel/Automation_Test_Report.xlsx
[2026-07-19T18:39:16.471Z] INFO: Excel report generation completed successfully!
[2026-07-19T18:39:16.471Z] INFO: Generating HTML automation reports...
[2026-07-19T18:39:16.478Z] INFO: HTML Reports successfully written to: /home/runner/work/neurostay-ai/neurostay-ai/automation/reports/HTML
[2026-07-19T18:39:16.480Z] INFO: JSON report generated at: /home/runner/work/neurostay-ai/neurostay-ai/automation/reports/JSON/execution-results.json
[2026-07-19T18:39:16.480Z] INFO: Markdown step summary generated at: /home/runner/work/neurostay-ai/neurostay-ai/automation/reports/Summary/summary.md
[2026-07-19T18:39:16.480Z] INFO: Final Metrics -> Total: 470, Passed: 466, Pass Rate: 99.15%
[2026-07-19T18:39:16.480Z] INFO: Critical Tests -> Total: 95, Failed: 2, Critical Fail Rate: 2.11%
[2026-07-19T18:39:16.480Z] INFO: Execution Passed: All criteria (Pass Rate >= 95% and Critical Fail Rate <= 5%) met successfully!
