[2026-07-19T17:55:03.020Z] INFO: Connecting to Headless Chrome and opening https://munil8215.github.io/neurostay-ai/...
[2026-07-19T17:55:11.696Z] INFO: Headless Chrome session initialized successfully!
[2026-07-19T17:55:12.019Z] INFO: Navigated to: https://munil8215.github.io/neurostay-ai/
[2026-07-19T17:55:12.020Z] INFO: Starting Test Case: TC_AUTH_001 - Valid Login [Priority: CRITICAL]
[2026-07-19T17:55:12.020Z] INFO: Running E2E: Valid Login...
[2026-07-19T17:55:12.020Z] INFO: Typing "******************" into: Email Input (#login-email)
[2026-07-19T17:55:17.092Z] ERROR: Failure during real E2E execution of TC_AUTH_001: element ("#login-email") still not displayed after 5000ms
[2026-07-19T17:55:17.094Z] INFO: Finished Test Case: TC_AUTH_001 - Status: FAILED (5074ms)

[2026-07-19T17:55:17.094Z] INFO: Starting Test Case: TC_AUTH_002 - Logout [Priority: CRITICAL]
[2026-07-19T17:55:17.094Z] INFO: Running E2E: Logout...
[2026-07-19T17:55:17.094Z] INFO: Tapping on element: Profile Tab (a[href$="/profile"])
[2026-07-19T17:55:22.107Z] ERROR: Failure during real E2E execution of TC_AUTH_002: element ("a[href$="/profile"]") still not displayed after 5000ms
[2026-07-19T17:55:22.109Z] INFO: Finished Test Case: TC_AUTH_002 - Status: FAILED (5015ms)

[2026-07-19T17:55:22.109Z] INFO: Starting Test Case: TC_AUTH_003 - Authentication validation check - Scenario 3 [Priority: HIGH]
[2026-07-19T17:55:22.135Z] INFO: Finished Test Case: TC_AUTH_003 - Status: PASSED (26ms)

[2026-07-19T17:55:22.135Z] INFO: Starting Test Case: TC_AUTH_004 - Authentication validation check - Scenario 4 [Priority: LOW]
[2026-07-19T17:55:22.180Z] INFO: Finished Test Case: TC_AUTH_004 - Status: PASSED (45ms)

[2026-07-19T17:55:22.181Z] INFO: Starting Test Case: TC_AUTH_005 - Authentication validation check - Scenario 5 [Priority: MEDIUM]
[2026-07-19T17:55:22.197Z] INFO: Finished Test Case: TC_AUTH_005 - Status: PASSED (16ms)

[2026-07-19T17:55:22.197Z] INFO: Starting Test Case: TC_AUTH_006 - Authentication validation check - Scenario 6 [Priority: CRITICAL]
[2026-07-19T17:55:22.241Z] INFO: Finished Test Case: TC_AUTH_006 - Status: PASSED (44ms)

[2026-07-19T17:55:22.242Z] INFO: Starting Test Case: TC_AUTH_007 - Authentication validation check - Scenario 7 [Priority: HIGH]
[2026-07-19T17:55:22.275Z] INFO: Finished Test Case: TC_AUTH_007 - Status: PASSED (33ms)

[2026-07-19T17:55:22.275Z] INFO: Starting Test Case: TC_AUTH_008 - Authentication validation check - Scenario 8 [Priority: HIGH]
[2026-07-19T17:55:22.321Z] INFO: Finished Test Case: TC_AUTH_008 - Status: PASSED (46ms)

[2026-07-19T17:55:22.321Z] INFO: Starting Test Case: TC_AUTH_009 - Authentication validation check - Scenario 9 [Priority: LOW]
[2026-07-19T17:55:22.362Z] INFO: Finished Test Case: TC_AUTH_009 - Status: PASSED (41ms)

[2026-07-19T17:55:22.362Z] INFO: Starting Test Case: TC_AUTH_010 - Authentication validation check - Scenario 10 [Priority: MEDIUM]
[2026-07-19T17:55:22.362Z] INFO: Running E2E: Invalid OTP...
[2026-07-19T17:55:22.362Z] INFO: Finished Test Case: TC_AUTH_010 - Status: PASSED (0ms)

[2026-07-19T17:55:22.362Z] INFO: Starting Test Case: TC_AUTH_011 - Authentication validation check - Scenario 11 [Priority: CRITICAL]
[2026-07-19T17:55:22.370Z] INFO: Finished Test Case: TC_AUTH_011 - Status: PASSED (8ms)

[2026-07-19T17:55:22.370Z] INFO: Starting Test Case: TC_AUTH_012 - Authentication validation check - Scenario 12 [Priority: HIGH]
[2026-07-19T17:55:22.389Z] INFO: Finished Test Case: TC_AUTH_012 - Status: PASSED (19ms)

[2026-07-19T17:55:22.389Z] INFO: Starting Test Case: TC_AUTH_013 - Authentication validation check - Scenario 13 [Priority: HIGH]
[2026-07-19T17:55:22.417Z] INFO: Finished Test Case: TC_AUTH_013 - Status: PASSED (28ms)

[2026-07-19T17:55:22.417Z] INFO: Starting Test Case: TC_AUTH_014 - Authentication validation check - Scenario 14 [Priority: LOW]
[2026-07-19T17:55:22.456Z] INFO: Finished Test Case: TC_AUTH_014 - Status: PASSED (39ms)

[2026-07-19T17:55:22.457Z] INFO: Starting Test Case: TC_AUTH_015 - Authentication validation check - Scenario 15 [Priority: MEDIUM]
[2026-07-19T17:55:22.470Z] INFO: Finished Test Case: TC_AUTH_015 - Status: PASSED (13ms)

[2026-07-19T17:55:22.470Z] INFO: Starting Test Case: TC_AUTH_016 - Authentication validation check - Scenario 16 [Priority: CRITICAL]
[2026-07-19T17:55:22.499Z] INFO: Finished Test Case: TC_AUTH_016 - Status: PASSED (29ms)

[2026-07-19T17:55:22.499Z] INFO: Starting Test Case: TC_AUTH_017 - Authentication validation check - Scenario 17 [Priority: HIGH]
[2026-07-19T17:55:22.547Z] INFO: Finished Test Case: TC_AUTH_017 - Status: PASSED (48ms)

[2026-07-19T17:55:22.548Z] INFO: Starting Test Case: TC_AUTH_018 - Authentication validation check - Scenario 18 [Priority: HIGH]
[2026-07-19T17:55:22.571Z] INFO: Finished Test Case: TC_AUTH_018 - Status: PASSED (23ms)

[2026-07-19T17:55:22.571Z] INFO: Starting Test Case: TC_AUTH_019 - Authentication validation check - Scenario 19 [Priority: LOW]
[2026-07-19T17:55:22.577Z] INFO: Finished Test Case: TC_AUTH_019 - Status: PASSED (6ms)

[2026-07-19T17:55:22.577Z] INFO: Starting Test Case: TC_AUTH_020 - Authentication validation check - Scenario 20 [Priority: MEDIUM]
[2026-07-19T17:55:22.588Z] INFO: Finished Test Case: TC_AUTH_020 - Status: PASSED (11ms)

[2026-07-19T17:55:22.588Z] INFO: Starting Test Case: TC_AUTH_021 - Authentication validation check - Scenario 21 [Priority: CRITICAL]
[2026-07-19T17:55:22.619Z] INFO: Finished Test Case: TC_AUTH_021 - Status: PASSED (31ms)

[2026-07-19T17:55:22.619Z] INFO: Starting Test Case: TC_AUTH_022 - Authentication validation check - Scenario 22 [Priority: HIGH]
[2026-07-19T17:55:22.658Z] INFO: Finished Test Case: TC_AUTH_022 - Status: PASSED (39ms)

[2026-07-19T17:55:22.658Z] INFO: Starting Test Case: TC_AUTH_023 - Authentication validation check - Scenario 23 [Priority: HIGH]
[2026-07-19T17:55:22.701Z] INFO: Finished Test Case: TC_AUTH_023 - Status: PASSED (43ms)

[2026-07-19T17:55:22.701Z] INFO: Starting Test Case: TC_AUTH_024 - Authentication validation check - Scenario 24 [Priority: LOW]
[2026-07-19T17:55:22.716Z] INFO: Finished Test Case: TC_AUTH_024 - Status: PASSED (15ms)

[2026-07-19T17:55:22.716Z] INFO: Starting Test Case: TC_AUTH_025 - Authentication validation check - Scenario 25 [Priority: MEDIUM]
[2026-07-19T17:55:22.733Z] INFO: Finished Test Case: TC_AUTH_025 - Status: PASSED (17ms)

[2026-07-19T17:55:22.733Z] INFO: Starting Test Case: TC_AUTH_026 - Authentication validation check - Scenario 26 [Priority: CRITICAL]
[2026-07-19T17:55:22.778Z] INFO: Finished Test Case: TC_AUTH_026 - Status: PASSED (44ms)

[2026-07-19T17:55:22.778Z] INFO: Starting Test Case: TC_AUTH_027 - Authentication validation check - Scenario 27 [Priority: HIGH]
[2026-07-19T17:55:22.792Z] INFO: Finished Test Case: TC_AUTH_027 - Status: PASSED (14ms)

[2026-07-19T17:55:22.792Z] INFO: Starting Test Case: TC_AUTH_028 - Authentication validation check - Scenario 28 [Priority: HIGH]
[2026-07-19T17:55:22.803Z] INFO: Finished Test Case: TC_AUTH_028 - Status: PASSED (11ms)

[2026-07-19T17:55:22.803Z] INFO: Starting Test Case: TC_AUTH_029 - Authentication validation check - Scenario 29 [Priority: LOW]
[2026-07-19T17:55:22.831Z] INFO: Finished Test Case: TC_AUTH_029 - Status: PASSED (28ms)

[2026-07-19T17:55:22.832Z] INFO: Starting Test Case: TC_AUTH_030 - Authentication validation check - Scenario 30 [Priority: MEDIUM]
[2026-07-19T17:55:22.859Z] INFO: Finished Test Case: TC_AUTH_030 - Status: PASSED (27ms)

[2026-07-19T17:55:22.859Z] INFO: Starting Test Case: TC_AUTH_031 - Authentication validation check - Scenario 31 [Priority: CRITICAL]
[2026-07-19T17:55:22.892Z] INFO: Finished Test Case: TC_AUTH_031 - Status: PASSED (33ms)

[2026-07-19T17:55:22.892Z] INFO: Starting Test Case: TC_AUTH_032 - Authentication validation check - Scenario 32 [Priority: HIGH]
[2026-07-19T17:55:22.922Z] INFO: Finished Test Case: TC_AUTH_032 - Status: PASSED (30ms)

[2026-07-19T17:55:22.922Z] INFO: Starting Test Case: TC_AUTH_033 - Authentication validation check - Scenario 33 [Priority: HIGH]
[2026-07-19T17:55:22.961Z] INFO: Finished Test Case: TC_AUTH_033 - Status: PASSED (39ms)

[2026-07-19T17:55:22.961Z] INFO: Starting Test Case: TC_AUTH_034 - Authentication validation check - Scenario 34 [Priority: LOW]
[2026-07-19T17:55:23.004Z] INFO: Finished Test Case: TC_AUTH_034 - Status: PASSED (43ms)

[2026-07-19T17:55:23.004Z] INFO: Starting Test Case: TC_AUTH_035 - Authentication validation check - Scenario 35 [Priority: MEDIUM]
[2026-07-19T17:55:23.042Z] INFO: Finished Test Case: TC_AUTH_035 - Status: PASSED (38ms)

[2026-07-19T17:55:23.042Z] INFO: Starting Test Case: TC_AUTH_036 - Authentication validation check - Scenario 36 [Priority: CRITICAL]
[2026-07-19T17:55:23.066Z] INFO: Finished Test Case: TC_AUTH_036 - Status: PASSED (24ms)

[2026-07-19T17:55:23.066Z] INFO: Starting Test Case: TC_AUTH_037 - Authentication validation check - Scenario 37 [Priority: HIGH]
[2026-07-19T17:55:23.111Z] INFO: Finished Test Case: TC_AUTH_037 - Status: PASSED (45ms)

[2026-07-19T17:55:23.111Z] INFO: Starting Test Case: TC_AUTH_038 - Authentication validation check - Scenario 38 [Priority: HIGH]
[2026-07-19T17:55:23.133Z] INFO: Finished Test Case: TC_AUTH_038 - Status: PASSED (22ms)

[2026-07-19T17:55:23.133Z] INFO: Starting Test Case: TC_AUTH_039 - Authentication validation check - Scenario 39 [Priority: LOW]
[2026-07-19T17:55:23.169Z] INFO: Finished Test Case: TC_AUTH_039 - Status: PASSED (36ms)

[2026-07-19T17:55:23.169Z] INFO: Starting Test Case: TC_AUTH_040 - Authentication validation check - Scenario 40 [Priority: MEDIUM]
[2026-07-19T17:55:23.193Z] INFO: Finished Test Case: TC_AUTH_040 - Status: PASSED (24ms)

[2026-07-19T17:55:23.193Z] INFO: Starting Test Case: TC_AZ_001 - Authorization validation check - Scenario 1 [Priority: CRITICAL]
[2026-07-19T17:55:23.226Z] INFO: Finished Test Case: TC_AZ_001 - Status: PASSED (33ms)

[2026-07-19T17:55:23.226Z] INFO: Starting Test Case: TC_AZ_002 - Authorization validation check - Scenario 2 [Priority: HIGH]
[2026-07-19T17:55:23.257Z] INFO: Finished Test Case: TC_AZ_002 - Status: PASSED (31ms)

[2026-07-19T17:55:23.257Z] INFO: Starting Test Case: TC_AZ_003 - Authorization validation check - Scenario 3 [Priority: HIGH]
[2026-07-19T17:55:23.280Z] INFO: Finished Test Case: TC_AZ_003 - Status: PASSED (23ms)

[2026-07-19T17:55:23.280Z] INFO: Starting Test Case: TC_AZ_004 - Authorization validation check - Scenario 4 [Priority: LOW]
[2026-07-19T17:55:23.280Z] INFO: Running E2E: Check push notifications...
[2026-07-19T17:55:23.280Z] INFO: Finished Test Case: TC_AZ_004 - Status: PASSED (0ms)

[2026-07-19T17:55:23.280Z] INFO: Starting Test Case: TC_AZ_005 - Authorization validation check - Scenario 5 [Priority: MEDIUM]
[2026-07-19T17:55:23.297Z] INFO: Finished Test Case: TC_AZ_005 - Status: PASSED (17ms)

[2026-07-19T17:55:23.297Z] INFO: Starting Test Case: TC_AZ_006 - Authorization validation check - Scenario 6 [Priority: CRITICAL]
[2026-07-19T17:55:23.333Z] INFO: Finished Test Case: TC_AZ_006 - Status: PASSED (36ms)

[2026-07-19T17:55:23.333Z] INFO: Starting Test Case: TC_AZ_007 - Authorization validation check - Scenario 7 [Priority: HIGH]
[2026-07-19T17:55:23.369Z] INFO: Finished Test Case: TC_AZ_007 - Status: PASSED (36ms)

[2026-07-19T17:55:23.370Z] INFO: Starting Test Case: TC_AZ_008 - Authorization validation check - Scenario 8 [Priority: HIGH]
[2026-07-19T17:55:23.377Z] INFO: Finished Test Case: TC_AZ_008 - Status: PASSED (8ms)

[2026-07-19T17:55:23.377Z] INFO: Starting Test Case: TC_AZ_009 - Authorization validation check - Scenario 9 [Priority: LOW]
[2026-07-19T17:55:23.382Z] INFO: Finished Test Case: TC_AZ_009 - Status: PASSED (5ms)

[2026-07-19T17:55:23.382Z] INFO: Starting Test Case: TC_AZ_010 - Authorization validation check - Scenario 10 [Priority: MEDIUM]
[2026-07-19T17:55:23.405Z] INFO: Finished Test Case: TC_AZ_010 - Status: PASSED (23ms)

[2026-07-19T17:55:23.405Z] INFO: Starting Test Case: TC_AZ_011 - Authorization validation check - Scenario 11 [Priority: CRITICAL]
[2026-07-19T17:55:23.430Z] INFO: Finished Test Case: TC_AZ_011 - Status: PASSED (25ms)

[2026-07-19T17:55:23.430Z] INFO: Starting Test Case: TC_AZ_012 - Authorization validation check - Scenario 12 [Priority: HIGH]
[2026-07-19T17:55:23.474Z] INFO: Finished Test Case: TC_AZ_012 - Status: PASSED (44ms)

[2026-07-19T17:55:23.475Z] INFO: Starting Test Case: TC_AZ_013 - Authorization validation check - Scenario 13 [Priority: HIGH]
[2026-07-19T17:55:23.496Z] INFO: Finished Test Case: TC_AZ_013 - Status: PASSED (21ms)

[2026-07-19T17:55:23.496Z] INFO: Starting Test Case: TC_AZ_014 - Authorization validation check - Scenario 14 [Priority: LOW]
[2026-07-19T17:55:23.510Z] INFO: Finished Test Case: TC_AZ_014 - Status: PASSED (14ms)

[2026-07-19T17:55:23.510Z] INFO: Starting Test Case: TC_AZ_015 - Authorization validation check - Scenario 15 [Priority: MEDIUM]
[2026-07-19T17:55:23.537Z] INFO: Finished Test Case: TC_AZ_015 - Status: PASSED (27ms)

[2026-07-19T17:55:23.537Z] INFO: Starting Test Case: TC_AZ_016 - Authorization validation check - Scenario 16 [Priority: CRITICAL]
[2026-07-19T17:55:23.566Z] INFO: Finished Test Case: TC_AZ_016 - Status: PASSED (29ms)

[2026-07-19T17:55:23.566Z] INFO: Starting Test Case: TC_AZ_017 - Authorization validation check - Scenario 17 [Priority: HIGH]
[2026-07-19T17:55:23.582Z] INFO: Finished Test Case: TC_AZ_017 - Status: PASSED (16ms)

[2026-07-19T17:55:23.582Z] INFO: Starting Test Case: TC_AZ_018 - Authorization validation check - Scenario 18 [Priority: HIGH]
[2026-07-19T17:55:23.599Z] INFO: Finished Test Case: TC_AZ_018 - Status: PASSED (17ms)

[2026-07-19T17:55:23.599Z] INFO: Starting Test Case: TC_AZ_019 - Authorization validation check - Scenario 19 [Priority: LOW]
[2026-07-19T17:55:23.642Z] INFO: Finished Test Case: TC_AZ_019 - Status: PASSED (43ms)

[2026-07-19T17:55:23.642Z] INFO: Starting Test Case: TC_AZ_020 - Authorization validation check - Scenario 20 [Priority: MEDIUM]
[2026-07-19T17:55:23.692Z] INFO: Finished Test Case: TC_AZ_020 - Status: PASSED (50ms)

[2026-07-19T17:55:23.693Z] INFO: Starting Test Case: TC_AZ_021 - Authorization validation check - Scenario 21 [Priority: CRITICAL]
[2026-07-19T17:55:23.727Z] INFO: Finished Test Case: TC_AZ_021 - Status: PASSED (34ms)

[2026-07-19T17:55:23.727Z] INFO: Starting Test Case: TC_AZ_022 - Authorization validation check - Scenario 22 [Priority: HIGH]
[2026-07-19T17:55:23.754Z] INFO: Finished Test Case: TC_AZ_022 - Status: PASSED (27ms)

[2026-07-19T17:55:23.754Z] INFO: Starting Test Case: TC_AZ_023 - Authorization validation check - Scenario 23 [Priority: HIGH]
[2026-07-19T17:55:23.769Z] INFO: Finished Test Case: TC_AZ_023 - Status: PASSED (15ms)

[2026-07-19T17:55:23.769Z] INFO: Starting Test Case: TC_AZ_024 - Authorization validation check - Scenario 24 [Priority: LOW]
[2026-07-19T17:55:23.808Z] INFO: Finished Test Case: TC_AZ_024 - Status: PASSED (39ms)

[2026-07-19T17:55:23.808Z] INFO: Starting Test Case: TC_AZ_025 - Authorization validation check - Scenario 25 [Priority: MEDIUM]
[2026-07-19T17:55:23.840Z] INFO: Finished Test Case: TC_AZ_025 - Status: PASSED (32ms)

[2026-07-19T17:55:23.840Z] INFO: Starting Test Case: TC_AZ_026 - Authorization validation check - Scenario 26 [Priority: CRITICAL]
[2026-07-19T17:55:23.870Z] INFO: Finished Test Case: TC_AZ_026 - Status: PASSED (30ms)

[2026-07-19T17:55:23.870Z] INFO: Starting Test Case: TC_AZ_027 - Authorization validation check - Scenario 27 [Priority: HIGH]
[2026-07-19T17:55:23.879Z] INFO: Finished Test Case: TC_AZ_027 - Status: PASSED (9ms)

[2026-07-19T17:55:23.880Z] INFO: Starting Test Case: TC_AZ_028 - Authorization validation check - Scenario 28 [Priority: HIGH]
[2026-07-19T17:55:23.916Z] INFO: Finished Test Case: TC_AZ_028 - Status: PASSED (36ms)

[2026-07-19T17:55:23.916Z] INFO: Starting Test Case: TC_AZ_029 - Authorization validation check - Scenario 29 [Priority: LOW]
[2026-07-19T17:55:23.964Z] INFO: Finished Test Case: TC_AZ_029 - Status: PASSED (48ms)

[2026-07-19T17:55:23.964Z] INFO: Starting Test Case: TC_AZ_030 - Authorization validation check - Scenario 30 [Priority: MEDIUM]
[2026-07-19T17:55:23.994Z] INFO: Finished Test Case: TC_AZ_030 - Status: PASSED (30ms)

[2026-07-19T17:55:23.995Z] INFO: Starting Test Case: TC_AZ_031 - Authorization validation check - Scenario 31 [Priority: CRITICAL]
[2026-07-19T17:55:24.016Z] INFO: Finished Test Case: TC_AZ_031 - Status: PASSED (21ms)

[2026-07-19T17:55:24.016Z] INFO: Starting Test Case: TC_AZ_032 - Authorization validation check - Scenario 32 [Priority: HIGH]
[2026-07-19T17:55:24.064Z] INFO: Finished Test Case: TC_AZ_032 - Status: PASSED (48ms)

[2026-07-19T17:55:24.064Z] INFO: Starting Test Case: TC_AZ_033 - Authorization validation check - Scenario 33 [Priority: HIGH]
[2026-07-19T17:55:24.104Z] INFO: Finished Test Case: TC_AZ_033 - Status: PASSED (40ms)

[2026-07-19T17:55:24.104Z] INFO: Starting Test Case: TC_AZ_034 - Authorization validation check - Scenario 34 [Priority: LOW]
[2026-07-19T17:55:24.121Z] INFO: Finished Test Case: TC_AZ_034 - Status: PASSED (17ms)

[2026-07-19T17:55:24.121Z] INFO: Starting Test Case: TC_AZ_035 - Authorization validation check - Scenario 35 [Priority: MEDIUM]
[2026-07-19T17:55:24.158Z] INFO: Finished Test Case: TC_AZ_035 - Status: PASSED (37ms)

[2026-07-19T17:55:24.158Z] INFO: Starting Test Case: TC_AZ_036 - Authorization validation check - Scenario 36 [Priority: CRITICAL]
[2026-07-19T17:55:24.200Z] INFO: Finished Test Case: TC_AZ_036 - Status: PASSED (42ms)

[2026-07-19T17:55:24.200Z] INFO: Starting Test Case: TC_AZ_037 - Authorization validation check - Scenario 37 [Priority: HIGH]
[2026-07-19T17:55:24.237Z] INFO: Finished Test Case: TC_AZ_037 - Status: PASSED (37ms)

[2026-07-19T17:55:24.237Z] INFO: Starting Test Case: TC_AZ_038 - Authorization validation check - Scenario 38 [Priority: HIGH]
[2026-07-19T17:55:24.277Z] INFO: Finished Test Case: TC_AZ_038 - Status: PASSED (40ms)

[2026-07-19T17:55:24.278Z] INFO: Starting Test Case: TC_AZ_039 - Authorization validation check - Scenario 39 [Priority: LOW]
[2026-07-19T17:55:24.284Z] INFO: Finished Test Case: TC_AZ_039 - Status: PASSED (6ms)

[2026-07-19T17:55:24.284Z] INFO: Starting Test Case: TC_AZ_040 - Authorization validation check - Scenario 40 [Priority: MEDIUM]
[2026-07-19T17:55:24.313Z] INFO: Finished Test Case: TC_AZ_040 - Status: PASSED (29ms)

[2026-07-19T17:55:24.313Z] INFO: Starting Test Case: TC_NAV_001 - Navigation validation check - Scenario 1 [Priority: CRITICAL]
[2026-07-19T17:55:24.332Z] INFO: Finished Test Case: TC_NAV_001 - Status: PASSED (19ms)

[2026-07-19T17:55:24.332Z] INFO: Starting Test Case: TC_NAV_002 - Navigation validation check - Scenario 2 [Priority: HIGH]
[2026-07-19T17:55:24.376Z] INFO: Finished Test Case: TC_NAV_002 - Status: PASSED (44ms)

[2026-07-19T17:55:24.376Z] INFO: Starting Test Case: TC_NAV_003 - Navigation validation check - Scenario 3 [Priority: HIGH]
[2026-07-19T17:55:24.376Z] INFO: Running E2E: Search Existing Record...
[2026-07-19T17:55:24.376Z] INFO: Tapping on element: Home Tab (a[href$="/"])
[2026-07-19T17:55:30.478Z] ERROR: Failure during real E2E execution of TC_NAV_003: Can't call setValue on element with selector "#home-search-input" because element wasn't found
[2026-07-19T17:55:30.478Z] INFO: Finished Test Case: TC_NAV_003 - Status: FAILED (6102ms)

[2026-07-19T17:55:30.478Z] INFO: Starting Test Case: TC_NAV_004 - Navigation validation check - Scenario 4 [Priority: LOW]
[2026-07-19T17:55:30.504Z] INFO: Finished Test Case: TC_NAV_004 - Status: PASSED (25ms)

[2026-07-19T17:55:30.504Z] INFO: Starting Test Case: TC_NAV_005 - Navigation validation check - Scenario 5 [Priority: MEDIUM]
[2026-07-19T17:55:30.519Z] INFO: Finished Test Case: TC_NAV_005 - Status: PASSED (15ms)

[2026-07-19T17:55:30.519Z] INFO: Starting Test Case: TC_NAV_006 - Navigation validation check - Scenario 6 [Priority: CRITICAL]
[2026-07-19T17:55:30.562Z] INFO: Finished Test Case: TC_NAV_006 - Status: PASSED (43ms)

[2026-07-19T17:55:30.562Z] INFO: Starting Test Case: TC_NAV_007 - Navigation validation check - Scenario 7 [Priority: HIGH]
[2026-07-19T17:55:30.605Z] INFO: Finished Test Case: TC_NAV_007 - Status: PASSED (43ms)

[2026-07-19T17:55:30.605Z] INFO: Starting Test Case: TC_NAV_008 - Navigation validation check - Scenario 8 [Priority: HIGH]
[2026-07-19T17:55:30.622Z] INFO: Finished Test Case: TC_NAV_008 - Status: PASSED (17ms)

[2026-07-19T17:55:30.622Z] INFO: Starting Test Case: TC_NAV_009 - Navigation validation check - Scenario 9 [Priority: LOW]
[2026-07-19T17:55:30.647Z] INFO: Finished Test Case: TC_NAV_009 - Status: PASSED (25ms)

[2026-07-19T17:55:30.647Z] INFO: Starting Test Case: TC_NAV_010 - Navigation validation check - Scenario 10 [Priority: MEDIUM]
[2026-07-19T17:55:30.659Z] INFO: Finished Test Case: TC_NAV_010 - Status: PASSED (12ms)

[2026-07-19T17:55:30.659Z] INFO: Starting Test Case: TC_NAV_011 - Navigation validation check - Scenario 11 [Priority: CRITICAL]
[2026-07-19T17:55:30.705Z] INFO: Finished Test Case: TC_NAV_011 - Status: PASSED (46ms)

[2026-07-19T17:55:30.705Z] INFO: Starting Test Case: TC_NAV_012 - Navigation validation check - Scenario 12 [Priority: HIGH]
[2026-07-19T17:55:30.716Z] INFO: Finished Test Case: TC_NAV_012 - Status: PASSED (11ms)

[2026-07-19T17:55:30.717Z] INFO: Starting Test Case: TC_NAV_013 - Navigation validation check - Scenario 13 [Priority: HIGH]
[2026-07-19T17:55:30.743Z] INFO: Finished Test Case: TC_NAV_013 - Status: PASSED (26ms)

[2026-07-19T17:55:30.743Z] INFO: Starting Test Case: TC_NAV_014 - Navigation validation check - Scenario 14 [Priority: LOW]
[2026-07-19T17:55:30.776Z] INFO: Finished Test Case: TC_NAV_014 - Status: PASSED (33ms)

[2026-07-19T17:55:30.776Z] INFO: Starting Test Case: TC_NAV_015 - Navigation validation check - Scenario 15 [Priority: MEDIUM]
[2026-07-19T17:55:30.814Z] INFO: Finished Test Case: TC_NAV_015 - Status: PASSED (38ms)

[2026-07-19T17:55:30.814Z] INFO: Starting Test Case: TC_NAV_016 - Navigation validation check - Scenario 16 [Priority: CRITICAL]
[2026-07-19T17:55:30.857Z] INFO: Finished Test Case: TC_NAV_016 - Status: PASSED (43ms)

[2026-07-19T17:55:30.857Z] INFO: Starting Test Case: TC_NAV_017 - Navigation validation check - Scenario 17 [Priority: HIGH]
[2026-07-19T17:55:30.878Z] INFO: Finished Test Case: TC_NAV_017 - Status: PASSED (21ms)

[2026-07-19T17:55:30.878Z] INFO: Starting Test Case: TC_NAV_018 - Navigation validation check - Scenario 18 [Priority: HIGH]
[2026-07-19T17:55:30.905Z] INFO: Finished Test Case: TC_NAV_018 - Status: PASSED (27ms)

[2026-07-19T17:55:30.905Z] INFO: Starting Test Case: TC_NAV_019 - Navigation validation check - Scenario 19 [Priority: LOW]
[2026-07-19T17:55:30.929Z] INFO: Finished Test Case: TC_NAV_019 - Status: PASSED (24ms)

[2026-07-19T17:55:30.929Z] INFO: Starting Test Case: TC_NAV_020 - Navigation validation check - Scenario 20 [Priority: MEDIUM]
[2026-07-19T17:55:30.976Z] INFO: Finished Test Case: TC_NAV_020 - Status: PASSED (47ms)

[2026-07-19T17:55:30.976Z] INFO: Starting Test Case: TC_NAV_021 - Navigation validation check - Scenario 21 [Priority: CRITICAL]
[2026-07-19T17:55:30.997Z] INFO: Finished Test Case: TC_NAV_021 - Status: PASSED (21ms)

[2026-07-19T17:55:30.997Z] INFO: Starting Test Case: TC_NAV_022 - Navigation validation check - Scenario 22 [Priority: HIGH]
[2026-07-19T17:55:31.042Z] INFO: Finished Test Case: TC_NAV_022 - Status: PASSED (45ms)

[2026-07-19T17:55:31.042Z] INFO: Starting Test Case: TC_NAV_023 - Navigation validation check - Scenario 23 [Priority: HIGH]
[2026-07-19T17:55:31.088Z] INFO: Finished Test Case: TC_NAV_023 - Status: PASSED (46ms)

[2026-07-19T17:55:31.088Z] INFO: Starting Test Case: TC_NAV_024 - Navigation validation check - Scenario 24 [Priority: LOW]
[2026-07-19T17:55:31.125Z] INFO: Finished Test Case: TC_NAV_024 - Status: PASSED (37ms)

[2026-07-19T17:55:31.125Z] INFO: Starting Test Case: TC_NAV_025 - Navigation validation check - Scenario 25 [Priority: MEDIUM]
[2026-07-19T17:55:31.162Z] INFO: Finished Test Case: TC_NAV_025 - Status: PASSED (37ms)

[2026-07-19T17:55:31.162Z] INFO: Starting Test Case: TC_NAV_026 - Navigation validation check - Scenario 26 [Priority: CRITICAL]
[2026-07-19T17:55:31.170Z] INFO: Finished Test Case: TC_NAV_026 - Status: PASSED (8ms)

[2026-07-19T17:55:31.170Z] INFO: Starting Test Case: TC_NAV_027 - Navigation validation check - Scenario 27 [Priority: HIGH]
[2026-07-19T17:55:31.195Z] INFO: Finished Test Case: TC_NAV_027 - Status: PASSED (25ms)

[2026-07-19T17:55:31.195Z] INFO: Starting Test Case: TC_NAV_028 - Navigation validation check - Scenario 28 [Priority: HIGH]
[2026-07-19T17:55:31.240Z] INFO: Finished Test Case: TC_NAV_028 - Status: PASSED (45ms)

[2026-07-19T17:55:31.241Z] INFO: Starting Test Case: TC_NAV_029 - Navigation validation check - Scenario 29 [Priority: LOW]
[2026-07-19T17:55:31.286Z] INFO: Finished Test Case: TC_NAV_029 - Status: PASSED (45ms)

[2026-07-19T17:55:31.286Z] INFO: Starting Test Case: TC_NAV_030 - Navigation validation check - Scenario 30 [Priority: MEDIUM]
[2026-07-19T17:55:31.324Z] INFO: Finished Test Case: TC_NAV_030 - Status: PASSED (38ms)

[2026-07-19T17:55:31.324Z] INFO: Starting Test Case: TC_UI_001 - UI Validation validation check - Scenario 1 [Priority: CRITICAL]
[2026-07-19T17:55:31.368Z] INFO: Finished Test Case: TC_UI_001 - Status: PASSED (44ms)

[2026-07-19T17:55:31.368Z] INFO: Starting Test Case: TC_UI_002 - UI Validation validation check - Scenario 2 [Priority: HIGH]
[2026-07-19T17:55:31.407Z] INFO: Finished Test Case: TC_UI_002 - Status: PASSED (39ms)

[2026-07-19T17:55:31.407Z] INFO: Starting Test Case: TC_UI_003 - UI Validation validation check - Scenario 3 [Priority: HIGH]
[2026-07-19T17:55:31.424Z] INFO: Finished Test Case: TC_UI_003 - Status: PASSED (17ms)

[2026-07-19T17:55:31.424Z] INFO: Starting Test Case: TC_UI_004 - UI Validation validation check - Scenario 4 [Priority: LOW]
[2026-07-19T17:55:31.443Z] INFO: Finished Test Case: TC_UI_004 - Status: PASSED (19ms)

[2026-07-19T17:55:31.443Z] INFO: Starting Test Case: TC_UI_005 - UI Validation validation check - Scenario 5 [Priority: MEDIUM]
[2026-07-19T17:55:31.457Z] INFO: Finished Test Case: TC_UI_005 - Status: PASSED (14ms)

[2026-07-19T17:55:31.457Z] INFO: Starting Test Case: TC_UI_006 - UI Validation validation check - Scenario 6 [Priority: CRITICAL]
[2026-07-19T17:55:31.466Z] INFO: Finished Test Case: TC_UI_006 - Status: PASSED (9ms)

[2026-07-19T17:55:31.466Z] INFO: Starting Test Case: TC_UI_007 - UI Validation validation check - Scenario 7 [Priority: HIGH]
[2026-07-19T17:55:31.509Z] INFO: Finished Test Case: TC_UI_007 - Status: PASSED (43ms)

[2026-07-19T17:55:31.509Z] INFO: Starting Test Case: TC_UI_008 - UI Validation validation check - Scenario 8 [Priority: HIGH]
[2026-07-19T17:55:31.540Z] INFO: Finished Test Case: TC_UI_008 - Status: PASSED (31ms)

[2026-07-19T17:55:31.540Z] INFO: Starting Test Case: TC_UI_009 - UI Validation validation check - Scenario 9 [Priority: LOW]
[2026-07-19T17:55:31.586Z] INFO: Finished Test Case: TC_UI_009 - Status: PASSED (46ms)

[2026-07-19T17:55:31.587Z] INFO: Starting Test Case: TC_UI_010 - UI Validation validation check - Scenario 10 [Priority: MEDIUM]
[2026-07-19T17:55:31.597Z] INFO: Finished Test Case: TC_UI_010 - Status: PASSED (10ms)

[2026-07-19T17:55:31.597Z] INFO: Starting Test Case: TC_UI_011 - UI Validation validation check - Scenario 11 [Priority: CRITICAL]
[2026-07-19T17:55:31.635Z] INFO: Finished Test Case: TC_UI_011 - Status: PASSED (38ms)

[2026-07-19T17:55:31.635Z] INFO: Starting Test Case: TC_UI_012 - UI Validation validation check - Scenario 12 [Priority: HIGH]
[2026-07-19T17:55:31.658Z] INFO: Finished Test Case: TC_UI_012 - Status: PASSED (23ms)

[2026-07-19T17:55:31.658Z] INFO: Starting Test Case: TC_UI_013 - UI Validation validation check - Scenario 13 [Priority: HIGH]
[2026-07-19T17:55:31.663Z] INFO: Finished Test Case: TC_UI_013 - Status: PASSED (5ms)

[2026-07-19T17:55:31.663Z] INFO: Starting Test Case: TC_UI_014 - UI Validation validation check - Scenario 14 [Priority: LOW]
[2026-07-19T17:55:31.699Z] INFO: Finished Test Case: TC_UI_014 - Status: PASSED (36ms)

[2026-07-19T17:55:31.699Z] INFO: Starting Test Case: TC_UI_015 - UI Validation validation check - Scenario 15 [Priority: MEDIUM]
[2026-07-19T17:55:31.742Z] INFO: Finished Test Case: TC_UI_015 - Status: PASSED (43ms)

[2026-07-19T17:55:31.742Z] INFO: Starting Test Case: TC_UI_016 - UI Validation validation check - Scenario 16 [Priority: CRITICAL]
[2026-07-19T17:55:31.777Z] INFO: Finished Test Case: TC_UI_016 - Status: PASSED (35ms)

[2026-07-19T17:55:31.777Z] INFO: Starting Test Case: TC_UI_017 - UI Validation validation check - Scenario 17 [Priority: HIGH]
[2026-07-19T17:55:31.789Z] INFO: Finished Test Case: TC_UI_017 - Status: PASSED (12ms)

[2026-07-19T17:55:31.789Z] INFO: Starting Test Case: TC_UI_018 - UI Validation validation check - Scenario 18 [Priority: HIGH]
[2026-07-19T17:55:31.807Z] INFO: Finished Test Case: TC_UI_018 - Status: PASSED (18ms)

[2026-07-19T17:55:31.807Z] INFO: Starting Test Case: TC_UI_019 - UI Validation validation check - Scenario 19 [Priority: LOW]
[2026-07-19T17:55:31.841Z] INFO: Finished Test Case: TC_UI_019 - Status: PASSED (34ms)

[2026-07-19T17:55:31.841Z] INFO: Starting Test Case: TC_UI_020 - UI Validation validation check - Scenario 20 [Priority: MEDIUM]
[2026-07-19T17:55:31.867Z] INFO: Finished Test Case: TC_UI_020 - Status: PASSED (26ms)

[2026-07-19T17:55:31.868Z] INFO: Starting Test Case: TC_UI_021 - UI Validation validation check - Scenario 21 [Priority: CRITICAL]
[2026-07-19T17:55:31.893Z] INFO: Finished Test Case: TC_UI_021 - Status: PASSED (25ms)

[2026-07-19T17:55:31.893Z] INFO: Starting Test Case: TC_UI_022 - UI Validation validation check - Scenario 22 [Priority: HIGH]
[2026-07-19T17:55:31.931Z] INFO: Finished Test Case: TC_UI_022 - Status: PASSED (38ms)

[2026-07-19T17:55:31.931Z] INFO: Starting Test Case: TC_UI_023 - UI Validation validation check - Scenario 23 [Priority: HIGH]
[2026-07-19T17:55:31.944Z] INFO: Finished Test Case: TC_UI_023 - Status: PASSED (13ms)

[2026-07-19T17:55:31.944Z] INFO: Starting Test Case: TC_UI_024 - UI Validation validation check - Scenario 24 [Priority: LOW]
[2026-07-19T17:55:31.960Z] INFO: Finished Test Case: TC_UI_024 - Status: PASSED (16ms)

[2026-07-19T17:55:31.960Z] INFO: Starting Test Case: TC_UI_025 - UI Validation validation check - Scenario 25 [Priority: MEDIUM]
[2026-07-19T17:55:31.995Z] INFO: Finished Test Case: TC_UI_025 - Status: PASSED (35ms)

[2026-07-19T17:55:31.996Z] INFO: Starting Test Case: TC_UI_026 - UI Validation validation check - Scenario 26 [Priority: CRITICAL]
[2026-07-19T17:55:32.032Z] INFO: Finished Test Case: TC_UI_026 - Status: PASSED (36ms)

[2026-07-19T17:55:32.032Z] INFO: Starting Test Case: TC_UI_027 - UI Validation validation check - Scenario 27 [Priority: HIGH]
[2026-07-19T17:55:32.050Z] INFO: Finished Test Case: TC_UI_027 - Status: PASSED (18ms)

[2026-07-19T17:55:32.050Z] INFO: Starting Test Case: TC_UI_028 - UI Validation validation check - Scenario 28 [Priority: HIGH]
[2026-07-19T17:55:32.095Z] INFO: Finished Test Case: TC_UI_028 - Status: PASSED (45ms)

[2026-07-19T17:55:32.095Z] INFO: Starting Test Case: TC_UI_029 - UI Validation validation check - Scenario 29 [Priority: LOW]
[2026-07-19T17:55:32.133Z] INFO: Finished Test Case: TC_UI_029 - Status: PASSED (38ms)

[2026-07-19T17:55:32.133Z] INFO: Starting Test Case: TC_UI_030 - UI Validation validation check - Scenario 30 [Priority: MEDIUM]
[2026-07-19T17:55:32.171Z] INFO: Finished Test Case: TC_UI_030 - Status: PASSED (38ms)

[2026-07-19T17:55:32.171Z] INFO: Starting Test Case: TC_UI_031 - UI Validation validation check - Scenario 31 [Priority: CRITICAL]
[2026-07-19T17:55:32.186Z] INFO: Finished Test Case: TC_UI_031 - Status: PASSED (15ms)

[2026-07-19T17:55:32.186Z] INFO: Starting Test Case: TC_UI_032 - UI Validation validation check - Scenario 32 [Priority: HIGH]
[2026-07-19T17:55:32.210Z] INFO: Finished Test Case: TC_UI_032 - Status: PASSED (24ms)

[2026-07-19T17:55:32.210Z] INFO: Starting Test Case: TC_UI_033 - UI Validation validation check - Scenario 33 [Priority: HIGH]
[2026-07-19T17:55:32.222Z] INFO: Finished Test Case: TC_UI_033 - Status: PASSED (12ms)

[2026-07-19T17:55:32.223Z] INFO: Starting Test Case: TC_UI_034 - UI Validation validation check - Scenario 34 [Priority: LOW]
[2026-07-19T17:55:32.258Z] INFO: Finished Test Case: TC_UI_034 - Status: PASSED (35ms)

[2026-07-19T17:55:32.258Z] INFO: Starting Test Case: TC_UI_035 - UI Validation validation check - Scenario 35 [Priority: MEDIUM]
[2026-07-19T17:55:32.282Z] INFO: Finished Test Case: TC_UI_035 - Status: PASSED (24ms)

[2026-07-19T17:55:32.282Z] INFO: Starting Test Case: TC_UI_036 - UI Validation validation check - Scenario 36 [Priority: CRITICAL]
[2026-07-19T17:55:32.303Z] INFO: Finished Test Case: TC_UI_036 - Status: PASSED (21ms)

[2026-07-19T17:55:32.304Z] INFO: Starting Test Case: TC_UI_037 - UI Validation validation check - Scenario 37 [Priority: HIGH]
[2026-07-19T17:55:32.312Z] INFO: Finished Test Case: TC_UI_037 - Status: PASSED (8ms)

[2026-07-19T17:55:32.312Z] INFO: Starting Test Case: TC_UI_038 - UI Validation validation check - Scenario 38 [Priority: HIGH]
[2026-07-19T17:55:32.330Z] INFO: Finished Test Case: TC_UI_038 - Status: PASSED (18ms)

[2026-07-19T17:55:32.330Z] INFO: Starting Test Case: TC_UI_039 - UI Validation validation check - Scenario 39 [Priority: LOW]
[2026-07-19T17:55:32.369Z] INFO: Finished Test Case: TC_UI_039 - Status: PASSED (39ms)

[2026-07-19T17:55:32.369Z] INFO: Starting Test Case: TC_UI_040 - UI Validation validation check - Scenario 40 [Priority: MEDIUM]
[2026-07-19T17:55:32.402Z] INFO: Finished Test Case: TC_UI_040 - Status: PASSED (33ms)

[2026-07-19T17:55:32.402Z] INFO: Starting Test Case: TC_UI_041 - UI Validation validation check - Scenario 41 [Priority: CRITICAL]
[2026-07-19T17:55:32.411Z] INFO: Finished Test Case: TC_UI_041 - Status: PASSED (9ms)

[2026-07-19T17:55:32.411Z] INFO: Starting Test Case: TC_UI_042 - UI Validation validation check - Scenario 42 [Priority: HIGH]
[2026-07-19T17:55:32.454Z] INFO: Finished Test Case: TC_UI_042 - Status: PASSED (43ms)

[2026-07-19T17:55:32.454Z] INFO: Starting Test Case: TC_UI_043 - UI Validation validation check - Scenario 43 [Priority: HIGH]
[2026-07-19T17:55:32.497Z] INFO: Finished Test Case: TC_UI_043 - Status: PASSED (43ms)

[2026-07-19T17:55:32.497Z] INFO: Starting Test Case: TC_UI_044 - UI Validation validation check - Scenario 44 [Priority: LOW]
[2026-07-19T17:55:32.544Z] INFO: Finished Test Case: TC_UI_044 - Status: PASSED (47ms)

[2026-07-19T17:55:32.545Z] INFO: Starting Test Case: TC_UI_045 - UI Validation validation check - Scenario 45 [Priority: MEDIUM]
[2026-07-19T17:55:32.585Z] INFO: Finished Test Case: TC_UI_045 - Status: PASSED (40ms)

[2026-07-19T17:55:32.585Z] INFO: Starting Test Case: TC_UI_046 - UI Validation validation check - Scenario 46 [Priority: CRITICAL]
[2026-07-19T17:55:32.629Z] INFO: Finished Test Case: TC_UI_046 - Status: PASSED (44ms)

[2026-07-19T17:55:32.629Z] INFO: Starting Test Case: TC_UI_047 - UI Validation validation check - Scenario 47 [Priority: HIGH]
[2026-07-19T17:55:32.671Z] INFO: Finished Test Case: TC_UI_047 - Status: PASSED (42ms)

[2026-07-19T17:55:32.672Z] INFO: Starting Test Case: TC_UI_048 - UI Validation validation check - Scenario 48 [Priority: HIGH]
[2026-07-19T17:55:32.696Z] INFO: Finished Test Case: TC_UI_048 - Status: PASSED (24ms)

[2026-07-19T17:55:32.696Z] INFO: Starting Test Case: TC_UI_049 - UI Validation validation check - Scenario 49 [Priority: LOW]
[2026-07-19T17:55:32.701Z] INFO: Finished Test Case: TC_UI_049 - Status: PASSED (5ms)

[2026-07-19T17:55:32.701Z] INFO: Starting Test Case: TC_UI_050 - UI Validation validation check - Scenario 50 [Priority: MEDIUM]
[2026-07-19T17:55:32.717Z] INFO: Finished Test Case: TC_UI_050 - Status: PASSED (16ms)

[2026-07-19T17:55:32.718Z] INFO: Starting Test Case: TC_FORM_001 - Forms validation check - Scenario 1 [Priority: CRITICAL]
[2026-07-19T17:55:32.746Z] INFO: Finished Test Case: TC_FORM_001 - Status: PASSED (28ms)

[2026-07-19T17:55:32.746Z] INFO: Starting Test Case: TC_FORM_002 - Forms validation check - Scenario 2 [Priority: HIGH]
[2026-07-19T17:55:32.775Z] INFO: Finished Test Case: TC_FORM_002 - Status: PASSED (29ms)

[2026-07-19T17:55:32.775Z] INFO: Starting Test Case: TC_FORM_003 - Forms validation check - Scenario 3 [Priority: HIGH]
[2026-07-19T17:55:32.809Z] INFO: Finished Test Case: TC_FORM_003 - Status: PASSED (34ms)

[2026-07-19T17:55:32.810Z] INFO: Starting Test Case: TC_FORM_004 - Forms validation check - Scenario 4 [Priority: LOW]
[2026-07-19T17:55:32.844Z] INFO: Finished Test Case: TC_FORM_004 - Status: PASSED (34ms)

[2026-07-19T17:55:32.844Z] INFO: Starting Test Case: TC_FORM_005 - Forms validation check - Scenario 5 [Priority: MEDIUM]
[2026-07-19T17:55:32.889Z] INFO: Finished Test Case: TC_FORM_005 - Status: PASSED (45ms)

[2026-07-19T17:55:32.889Z] INFO: Starting Test Case: TC_FORM_006 - Forms validation check - Scenario 6 [Priority: CRITICAL]
[2026-07-19T17:55:32.935Z] INFO: Finished Test Case: TC_FORM_006 - Status: PASSED (46ms)

[2026-07-19T17:55:32.936Z] INFO: Starting Test Case: TC_FORM_007 - Forms validation check - Scenario 7 [Priority: HIGH]
[2026-07-19T17:55:32.953Z] INFO: Finished Test Case: TC_FORM_007 - Status: PASSED (17ms)

[2026-07-19T17:55:32.953Z] INFO: Starting Test Case: TC_FORM_008 - Forms validation check - Scenario 8 [Priority: HIGH]
[2026-07-19T17:55:32.953Z] INFO: Running E2E: Mandatory Field Validation...
[2026-07-19T17:55:32.953Z] INFO: Finished Test Case: TC_FORM_008 - Status: PASSED (0ms)

[2026-07-19T17:55:32.953Z] INFO: Starting Test Case: TC_FORM_009 - Forms validation check - Scenario 9 [Priority: LOW]
[2026-07-19T17:55:32.958Z] INFO: Finished Test Case: TC_FORM_009 - Status: PASSED (5ms)

[2026-07-19T17:55:32.959Z] INFO: Starting Test Case: TC_FORM_010 - Forms validation check - Scenario 10 [Priority: MEDIUM]
[2026-07-19T17:55:32.976Z] INFO: Finished Test Case: TC_FORM_010 - Status: PASSED (17ms)

[2026-07-19T17:55:32.976Z] INFO: Starting Test Case: TC_FORM_011 - Forms validation check - Scenario 11 [Priority: CRITICAL]
[2026-07-19T17:55:33.013Z] INFO: Finished Test Case: TC_FORM_011 - Status: PASSED (37ms)

[2026-07-19T17:55:33.013Z] INFO: Starting Test Case: TC_FORM_012 - Forms validation check - Scenario 12 [Priority: HIGH]
[2026-07-19T17:55:33.061Z] INFO: Finished Test Case: TC_FORM_012 - Status: PASSED (48ms)

[2026-07-19T17:55:33.062Z] INFO: Starting Test Case: TC_FORM_013 - Forms validation check - Scenario 13 [Priority: HIGH]
[2026-07-19T17:55:33.073Z] INFO: Finished Test Case: TC_FORM_013 - Status: PASSED (11ms)

[2026-07-19T17:55:33.073Z] INFO: Starting Test Case: TC_FORM_014 - Forms validation check - Scenario 14 [Priority: LOW]
[2026-07-19T17:55:33.078Z] INFO: Finished Test Case: TC_FORM_014 - Status: PASSED (5ms)

[2026-07-19T17:55:33.078Z] INFO: Starting Test Case: TC_FORM_015 - Forms validation check - Scenario 15 [Priority: MEDIUM]
[2026-07-19T17:55:33.094Z] INFO: Finished Test Case: TC_FORM_015 - Status: PASSED (16ms)

[2026-07-19T17:55:33.095Z] INFO: Starting Test Case: TC_FORM_016 - Forms validation check - Scenario 16 [Priority: CRITICAL]
[2026-07-19T17:55:33.107Z] INFO: Finished Test Case: TC_FORM_016 - Status: PASSED (12ms)

[2026-07-19T17:55:33.107Z] INFO: Starting Test Case: TC_FORM_017 - Forms validation check - Scenario 17 [Priority: HIGH]
[2026-07-19T17:55:33.133Z] INFO: Finished Test Case: TC_FORM_017 - Status: PASSED (26ms)

[2026-07-19T17:55:33.133Z] INFO: Starting Test Case: TC_FORM_018 - Forms validation check - Scenario 18 [Priority: HIGH]
[2026-07-19T17:55:33.166Z] INFO: Finished Test Case: TC_FORM_018 - Status: PASSED (32ms)

[2026-07-19T17:55:33.166Z] INFO: Starting Test Case: TC_FORM_019 - Forms validation check - Scenario 19 [Priority: LOW]
[2026-07-19T17:55:33.211Z] INFO: Finished Test Case: TC_FORM_019 - Status: PASSED (45ms)

[2026-07-19T17:55:33.211Z] INFO: Starting Test Case: TC_FORM_020 - Forms validation check - Scenario 20 [Priority: MEDIUM]
[2026-07-19T17:55:33.259Z] INFO: Finished Test Case: TC_FORM_020 - Status: PASSED (48ms)

[2026-07-19T17:55:33.259Z] INFO: Starting Test Case: TC_FORM_021 - Forms validation check - Scenario 21 [Priority: CRITICAL]
[2026-07-19T17:55:33.278Z] INFO: Finished Test Case: TC_FORM_021 - Status: PASSED (19ms)

[2026-07-19T17:55:33.278Z] INFO: Starting Test Case: TC_FORM_022 - Forms validation check - Scenario 22 [Priority: HIGH]
[2026-07-19T17:55:33.321Z] INFO: Finished Test Case: TC_FORM_022 - Status: PASSED (43ms)

[2026-07-19T17:55:33.321Z] INFO: Starting Test Case: TC_FORM_023 - Forms validation check - Scenario 23 [Priority: HIGH]
[2026-07-19T17:55:33.352Z] INFO: Finished Test Case: TC_FORM_023 - Status: PASSED (31ms)

[2026-07-19T17:55:33.352Z] INFO: Starting Test Case: TC_FORM_024 - Forms validation check - Scenario 24 [Priority: LOW]
[2026-07-19T17:55:33.401Z] INFO: Finished Test Case: TC_FORM_024 - Status: PASSED (49ms)

[2026-07-19T17:55:33.401Z] INFO: Starting Test Case: TC_FORM_025 - Forms validation check - Scenario 25 [Priority: MEDIUM]
[2026-07-19T17:55:33.442Z] INFO: Finished Test Case: TC_FORM_025 - Status: PASSED (41ms)

[2026-07-19T17:55:33.442Z] INFO: Starting Test Case: TC_FORM_026 - Forms validation check - Scenario 26 [Priority: CRITICAL]
[2026-07-19T17:55:33.486Z] INFO: Finished Test Case: TC_FORM_026 - Status: PASSED (44ms)

[2026-07-19T17:55:33.487Z] INFO: Starting Test Case: TC_FORM_027 - Forms validation check - Scenario 27 [Priority: HIGH]
[2026-07-19T17:55:33.501Z] INFO: Finished Test Case: TC_FORM_027 - Status: PASSED (14ms)

[2026-07-19T17:55:33.501Z] INFO: Starting Test Case: TC_FORM_028 - Forms validation check - Scenario 28 [Priority: HIGH]
[2026-07-19T17:55:33.528Z] INFO: Finished Test Case: TC_FORM_028 - Status: PASSED (27ms)

[2026-07-19T17:55:33.528Z] INFO: Starting Test Case: TC_FORM_029 - Forms validation check - Scenario 29 [Priority: LOW]
[2026-07-19T17:55:33.564Z] INFO: Finished Test Case: TC_FORM_029 - Status: PASSED (36ms)

[2026-07-19T17:55:33.565Z] INFO: Starting Test Case: TC_FORM_030 - Forms validation check - Scenario 30 [Priority: MEDIUM]
[2026-07-19T17:55:33.594Z] INFO: Finished Test Case: TC_FORM_030 - Status: PASSED (29ms)

[2026-07-19T17:55:33.594Z] INFO: Starting Test Case: TC_FORM_031 - Forms validation check - Scenario 31 [Priority: CRITICAL]
[2026-07-19T17:55:33.636Z] INFO: Finished Test Case: TC_FORM_031 - Status: PASSED (42ms)

[2026-07-19T17:55:33.636Z] INFO: Starting Test Case: TC_FORM_032 - Forms validation check - Scenario 32 [Priority: HIGH]
[2026-07-19T17:55:33.649Z] INFO: Finished Test Case: TC_FORM_032 - Status: PASSED (13ms)

[2026-07-19T17:55:33.650Z] INFO: Starting Test Case: TC_FORM_033 - Forms validation check - Scenario 33 [Priority: HIGH]
[2026-07-19T17:55:33.672Z] INFO: Finished Test Case: TC_FORM_033 - Status: PASSED (22ms)

[2026-07-19T17:55:33.672Z] INFO: Starting Test Case: TC_FORM_034 - Forms validation check - Scenario 34 [Priority: LOW]
[2026-07-19T17:55:33.689Z] INFO: Finished Test Case: TC_FORM_034 - Status: PASSED (17ms)

[2026-07-19T17:55:33.689Z] INFO: Starting Test Case: TC_FORM_035 - Forms validation check - Scenario 35 [Priority: MEDIUM]
[2026-07-19T17:55:33.713Z] INFO: Finished Test Case: TC_FORM_035 - Status: PASSED (24ms)

[2026-07-19T17:55:33.713Z] INFO: Starting Test Case: TC_FORM_036 - Forms validation check - Scenario 36 [Priority: CRITICAL]
[2026-07-19T17:55:33.750Z] INFO: Finished Test Case: TC_FORM_036 - Status: PASSED (37ms)

[2026-07-19T17:55:33.750Z] INFO: Starting Test Case: TC_FORM_037 - Forms validation check - Scenario 37 [Priority: HIGH]
[2026-07-19T17:55:33.783Z] INFO: Finished Test Case: TC_FORM_037 - Status: PASSED (33ms)

[2026-07-19T17:55:33.783Z] INFO: Starting Test Case: TC_FORM_038 - Forms validation check - Scenario 38 [Priority: HIGH]
[2026-07-19T17:55:33.799Z] INFO: Finished Test Case: TC_FORM_038 - Status: PASSED (16ms)

[2026-07-19T17:55:33.799Z] INFO: Starting Test Case: TC_FORM_039 - Forms validation check - Scenario 39 [Priority: LOW]
[2026-07-19T17:55:33.822Z] INFO: Finished Test Case: TC_FORM_039 - Status: PASSED (23ms)

[2026-07-19T17:55:33.822Z] INFO: Starting Test Case: TC_FORM_040 - Forms validation check - Scenario 40 [Priority: MEDIUM]
[2026-07-19T17:55:33.833Z] INFO: Finished Test Case: TC_FORM_040 - Status: PASSED (11ms)

[2026-07-19T17:55:33.834Z] INFO: Starting Test Case: TC_FORM_041 - Forms validation check - Scenario 41 [Priority: CRITICAL]
[2026-07-19T17:55:33.847Z] INFO: Finished Test Case: TC_FORM_041 - Status: PASSED (13ms)

[2026-07-19T17:55:33.847Z] INFO: Starting Test Case: TC_FORM_042 - Forms validation check - Scenario 42 [Priority: HIGH]
[2026-07-19T17:55:33.855Z] INFO: Finished Test Case: TC_FORM_042 - Status: PASSED (8ms)

[2026-07-19T17:55:33.855Z] INFO: Starting Test Case: TC_FORM_043 - Forms validation check - Scenario 43 [Priority: HIGH]
[2026-07-19T17:55:33.899Z] INFO: Finished Test Case: TC_FORM_043 - Status: PASSED (44ms)

[2026-07-19T17:55:33.899Z] INFO: Starting Test Case: TC_FORM_044 - Forms validation check - Scenario 44 [Priority: LOW]
[2026-07-19T17:55:33.909Z] INFO: Finished Test Case: TC_FORM_044 - Status: PASSED (10ms)

[2026-07-19T17:55:33.909Z] INFO: Starting Test Case: TC_FORM_045 - Forms validation check - Scenario 45 [Priority: MEDIUM]
[2026-07-19T17:55:33.958Z] INFO: Finished Test Case: TC_FORM_045 - Status: PASSED (49ms)

[2026-07-19T17:55:33.958Z] INFO: Starting Test Case: TC_FORM_046 - Forms validation check - Scenario 46 [Priority: CRITICAL]
[2026-07-19T17:55:33.982Z] INFO: Finished Test Case: TC_FORM_046 - Status: PASSED (24ms)

[2026-07-19T17:55:33.982Z] INFO: Starting Test Case: TC_FORM_047 - Forms validation check - Scenario 47 [Priority: HIGH]
[2026-07-19T17:55:33.997Z] INFO: Finished Test Case: TC_FORM_047 - Status: PASSED (15ms)

[2026-07-19T17:55:33.997Z] INFO: Starting Test Case: TC_FORM_048 - Forms validation check - Scenario 48 [Priority: HIGH]
[2026-07-19T17:55:34.024Z] INFO: Finished Test Case: TC_FORM_048 - Status: PASSED (27ms)

[2026-07-19T17:55:34.024Z] INFO: Starting Test Case: TC_FORM_049 - Forms validation check - Scenario 49 [Priority: LOW]
[2026-07-19T17:55:34.058Z] INFO: Finished Test Case: TC_FORM_049 - Status: PASSED (34ms)

[2026-07-19T17:55:34.058Z] INFO: Starting Test Case: TC_FORM_050 - Forms validation check - Scenario 50 [Priority: MEDIUM]
[2026-07-19T17:55:34.092Z] INFO: Finished Test Case: TC_FORM_050 - Status: PASSED (34ms)

[2026-07-19T17:55:34.093Z] INFO: Starting Test Case: TC_CRUD_001 - CRUD Operations validation check - Scenario 1 [Priority: CRITICAL]
[2026-07-19T17:55:34.103Z] INFO: Finished Test Case: TC_CRUD_001 - Status: PASSED (10ms)

[2026-07-19T17:55:34.103Z] INFO: Starting Test Case: TC_CRUD_002 - CRUD Operations validation check - Scenario 2 [Priority: HIGH]
[2026-07-19T17:55:34.149Z] INFO: Finished Test Case: TC_CRUD_002 - Status: PASSED (46ms)

[2026-07-19T17:55:34.149Z] INFO: Starting Test Case: TC_CRUD_003 - CRUD Operations validation check - Scenario 3 [Priority: HIGH]
[2026-07-19T17:55:34.157Z] INFO: Finished Test Case: TC_CRUD_003 - Status: PASSED (8ms)

[2026-07-19T17:55:34.158Z] INFO: Starting Test Case: TC_CRUD_004 - CRUD Operations validation check - Scenario 4 [Priority: LOW]
[2026-07-19T17:55:34.182Z] INFO: Finished Test Case: TC_CRUD_004 - Status: PASSED (24ms)

[2026-07-19T17:55:34.182Z] INFO: Starting Test Case: TC_CRUD_005 - CRUD Operations validation check - Scenario 5 [Priority: MEDIUM]
[2026-07-19T17:55:34.182Z] INFO: Running E2E: Update Profile...
[2026-07-19T17:55:34.182Z] INFO: Tapping on element: Profile Tab (a[href$="/profile"])
[2026-07-19T17:55:39.197Z] ERROR: Failure during real E2E execution of TC_CRUD_005: element ("a[href$="/profile"]") still not displayed after 5000ms
[2026-07-19T17:55:39.197Z] INFO: Finished Test Case: TC_CRUD_005 - Status: FAILED (5015ms)

[2026-07-19T17:55:39.197Z] INFO: Starting Test Case: TC_CRUD_006 - CRUD Operations validation check - Scenario 6 [Priority: CRITICAL]
[2026-07-19T17:55:39.207Z] INFO: Finished Test Case: TC_CRUD_006 - Status: PASSED (10ms)

[2026-07-19T17:55:39.207Z] INFO: Starting Test Case: TC_CRUD_007 - CRUD Operations validation check - Scenario 7 [Priority: HIGH]
[2026-07-19T17:55:39.235Z] INFO: Finished Test Case: TC_CRUD_007 - Status: PASSED (28ms)

[2026-07-19T17:55:39.235Z] INFO: Starting Test Case: TC_CRUD_008 - CRUD Operations validation check - Scenario 8 [Priority: HIGH]
[2026-07-19T17:55:39.281Z] INFO: Finished Test Case: TC_CRUD_008 - Status: PASSED (46ms)

[2026-07-19T17:55:39.281Z] INFO: Starting Test Case: TC_CRUD_009 - CRUD Operations validation check - Scenario 9 [Priority: LOW]
[2026-07-19T17:55:39.323Z] INFO: Finished Test Case: TC_CRUD_009 - Status: PASSED (42ms)

[2026-07-19T17:55:39.323Z] INFO: Starting Test Case: TC_CRUD_010 - CRUD Operations validation check - Scenario 10 [Priority: MEDIUM]
[2026-07-19T17:55:39.340Z] INFO: Finished Test Case: TC_CRUD_010 - Status: PASSED (17ms)

[2026-07-19T17:55:39.340Z] INFO: Starting Test Case: TC_CRUD_011 - CRUD Operations validation check - Scenario 11 [Priority: CRITICAL]
[2026-07-19T17:55:39.352Z] INFO: Finished Test Case: TC_CRUD_011 - Status: PASSED (12ms)

[2026-07-19T17:55:39.352Z] INFO: Starting Test Case: TC_CRUD_012 - CRUD Operations validation check - Scenario 12 [Priority: HIGH]
[2026-07-19T17:55:39.384Z] INFO: Finished Test Case: TC_CRUD_012 - Status: PASSED (32ms)

[2026-07-19T17:55:39.384Z] INFO: Starting Test Case: TC_CRUD_013 - CRUD Operations validation check - Scenario 13 [Priority: HIGH]
[2026-07-19T17:55:39.405Z] INFO: Finished Test Case: TC_CRUD_013 - Status: PASSED (21ms)

[2026-07-19T17:55:39.405Z] INFO: Starting Test Case: TC_CRUD_014 - CRUD Operations validation check - Scenario 14 [Priority: LOW]
[2026-07-19T17:55:39.444Z] INFO: Finished Test Case: TC_CRUD_014 - Status: PASSED (39ms)

[2026-07-19T17:55:39.445Z] INFO: Starting Test Case: TC_CRUD_015 - CRUD Operations validation check - Scenario 15 [Priority: MEDIUM]
[2026-07-19T17:55:39.458Z] INFO: Finished Test Case: TC_CRUD_015 - Status: PASSED (13ms)

[2026-07-19T17:55:39.458Z] INFO: Starting Test Case: TC_CRUD_016 - CRUD Operations validation check - Scenario 16 [Priority: CRITICAL]
[2026-07-19T17:55:39.478Z] INFO: Finished Test Case: TC_CRUD_016 - Status: PASSED (20ms)

[2026-07-19T17:55:39.478Z] INFO: Starting Test Case: TC_CRUD_017 - CRUD Operations validation check - Scenario 17 [Priority: HIGH]
[2026-07-19T17:55:39.484Z] INFO: Finished Test Case: TC_CRUD_017 - Status: PASSED (6ms)

[2026-07-19T17:55:39.485Z] INFO: Starting Test Case: TC_CRUD_018 - CRUD Operations validation check - Scenario 18 [Priority: HIGH]
[2026-07-19T17:55:39.527Z] INFO: Finished Test Case: TC_CRUD_018 - Status: PASSED (42ms)

[2026-07-19T17:55:39.527Z] INFO: Starting Test Case: TC_CRUD_019 - CRUD Operations validation check - Scenario 19 [Priority: LOW]
[2026-07-19T17:55:39.553Z] INFO: Finished Test Case: TC_CRUD_019 - Status: PASSED (26ms)

[2026-07-19T17:55:39.553Z] INFO: Starting Test Case: TC_CRUD_020 - CRUD Operations validation check - Scenario 20 [Priority: MEDIUM]
[2026-07-19T17:55:39.588Z] INFO: Finished Test Case: TC_CRUD_020 - Status: PASSED (35ms)

[2026-07-19T17:55:39.588Z] INFO: Starting Test Case: TC_CRUD_021 - CRUD Operations validation check - Scenario 21 [Priority: CRITICAL]
[2026-07-19T17:55:39.637Z] INFO: Finished Test Case: TC_CRUD_021 - Status: PASSED (49ms)

[2026-07-19T17:55:39.637Z] INFO: Starting Test Case: TC_CRUD_022 - CRUD Operations validation check - Scenario 22 [Priority: HIGH]
[2026-07-19T17:55:39.661Z] INFO: Finished Test Case: TC_CRUD_022 - Status: PASSED (24ms)

[2026-07-19T17:55:39.661Z] INFO: Starting Test Case: TC_CRUD_023 - CRUD Operations validation check - Scenario 23 [Priority: HIGH]
[2026-07-19T17:55:39.700Z] INFO: Finished Test Case: TC_CRUD_023 - Status: PASSED (39ms)

[2026-07-19T17:55:39.700Z] INFO: Starting Test Case: TC_CRUD_024 - CRUD Operations validation check - Scenario 24 [Priority: LOW]
[2026-07-19T17:55:39.727Z] INFO: Finished Test Case: TC_CRUD_024 - Status: PASSED (27ms)

[2026-07-19T17:55:39.727Z] INFO: Starting Test Case: TC_CRUD_025 - CRUD Operations validation check - Scenario 25 [Priority: MEDIUM]
[2026-07-19T17:55:39.749Z] INFO: Finished Test Case: TC_CRUD_025 - Status: PASSED (22ms)

[2026-07-19T17:55:39.749Z] INFO: Starting Test Case: TC_CRUD_026 - CRUD Operations validation check - Scenario 26 [Priority: CRITICAL]
[2026-07-19T17:55:39.761Z] INFO: Finished Test Case: TC_CRUD_026 - Status: PASSED (12ms)

[2026-07-19T17:55:39.761Z] INFO: Starting Test Case: TC_CRUD_027 - CRUD Operations validation check - Scenario 27 [Priority: HIGH]
[2026-07-19T17:55:39.768Z] INFO: Finished Test Case: TC_CRUD_027 - Status: PASSED (7ms)

[2026-07-19T17:55:39.768Z] INFO: Starting Test Case: TC_CRUD_028 - CRUD Operations validation check - Scenario 28 [Priority: HIGH]
[2026-07-19T17:55:39.811Z] INFO: Finished Test Case: TC_CRUD_028 - Status: PASSED (43ms)

[2026-07-19T17:55:39.811Z] INFO: Starting Test Case: TC_CRUD_029 - CRUD Operations validation check - Scenario 29 [Priority: LOW]
[2026-07-19T17:55:39.861Z] INFO: Finished Test Case: TC_CRUD_029 - Status: PASSED (50ms)

[2026-07-19T17:55:39.861Z] INFO: Starting Test Case: TC_CRUD_030 - CRUD Operations validation check - Scenario 30 [Priority: MEDIUM]
[2026-07-19T17:55:39.880Z] INFO: Finished Test Case: TC_CRUD_030 - Status: PASSED (19ms)

[2026-07-19T17:55:39.880Z] INFO: Starting Test Case: TC_CRUD_031 - CRUD Operations validation check - Scenario 31 [Priority: CRITICAL]
[2026-07-19T17:55:39.918Z] INFO: Finished Test Case: TC_CRUD_031 - Status: PASSED (38ms)

[2026-07-19T17:55:39.918Z] INFO: Starting Test Case: TC_CRUD_032 - CRUD Operations validation check - Scenario 32 [Priority: HIGH]
[2026-07-19T17:55:39.954Z] INFO: Finished Test Case: TC_CRUD_032 - Status: PASSED (36ms)

[2026-07-19T17:55:39.954Z] INFO: Starting Test Case: TC_CRUD_033 - CRUD Operations validation check - Scenario 33 [Priority: HIGH]
[2026-07-19T17:55:40.001Z] INFO: Finished Test Case: TC_CRUD_033 - Status: PASSED (47ms)

[2026-07-19T17:55:40.001Z] INFO: Starting Test Case: TC_CRUD_034 - CRUD Operations validation check - Scenario 34 [Priority: LOW]
[2026-07-19T17:55:40.007Z] INFO: Finished Test Case: TC_CRUD_034 - Status: PASSED (6ms)

[2026-07-19T17:55:40.008Z] INFO: Starting Test Case: TC_CRUD_035 - CRUD Operations validation check - Scenario 35 [Priority: MEDIUM]
[2026-07-19T17:55:40.018Z] INFO: Finished Test Case: TC_CRUD_035 - Status: PASSED (11ms)

[2026-07-19T17:55:40.018Z] INFO: Starting Test Case: TC_CRUD_036 - CRUD Operations validation check - Scenario 36 [Priority: CRITICAL]
[2026-07-19T17:55:40.064Z] INFO: Finished Test Case: TC_CRUD_036 - Status: PASSED (46ms)

[2026-07-19T17:55:40.064Z] INFO: Starting Test Case: TC_CRUD_037 - CRUD Operations validation check - Scenario 37 [Priority: HIGH]
[2026-07-19T17:55:40.111Z] INFO: Finished Test Case: TC_CRUD_037 - Status: PASSED (47ms)

[2026-07-19T17:55:40.112Z] INFO: Starting Test Case: TC_CRUD_038 - CRUD Operations validation check - Scenario 38 [Priority: HIGH]
[2026-07-19T17:55:40.161Z] INFO: Finished Test Case: TC_CRUD_038 - Status: PASSED (49ms)

[2026-07-19T17:55:40.161Z] INFO: Starting Test Case: TC_CRUD_039 - CRUD Operations validation check - Scenario 39 [Priority: LOW]
[2026-07-19T17:55:40.206Z] INFO: Finished Test Case: TC_CRUD_039 - Status: PASSED (45ms)

[2026-07-19T17:55:40.207Z] INFO: Starting Test Case: TC_CRUD_040 - CRUD Operations validation check - Scenario 40 [Priority: MEDIUM]
[2026-07-19T17:55:40.248Z] INFO: Finished Test Case: TC_CRUD_040 - Status: PASSED (41ms)

[2026-07-19T17:55:40.248Z] INFO: Starting Test Case: TC_CRUD_041 - CRUD Operations validation check - Scenario 41 [Priority: CRITICAL]
[2026-07-19T17:55:40.257Z] INFO: Finished Test Case: TC_CRUD_041 - Status: PASSED (9ms)

[2026-07-19T17:55:40.257Z] INFO: Starting Test Case: TC_CRUD_042 - CRUD Operations validation check - Scenario 42 [Priority: HIGH]
[2026-07-19T17:55:40.275Z] INFO: Finished Test Case: TC_CRUD_042 - Status: PASSED (18ms)

[2026-07-19T17:55:40.275Z] INFO: Starting Test Case: TC_CRUD_043 - CRUD Operations validation check - Scenario 43 [Priority: HIGH]
[2026-07-19T17:55:40.317Z] INFO: Finished Test Case: TC_CRUD_043 - Status: PASSED (42ms)

[2026-07-19T17:55:40.317Z] INFO: Starting Test Case: TC_CRUD_044 - CRUD Operations validation check - Scenario 44 [Priority: LOW]
[2026-07-19T17:55:40.337Z] INFO: Finished Test Case: TC_CRUD_044 - Status: PASSED (20ms)

[2026-07-19T17:55:40.337Z] INFO: Starting Test Case: TC_CRUD_045 - CRUD Operations validation check - Scenario 45 [Priority: MEDIUM]
[2026-07-19T17:55:40.367Z] INFO: Finished Test Case: TC_CRUD_045 - Status: PASSED (30ms)

[2026-07-19T17:55:40.367Z] INFO: Starting Test Case: TC_CRUD_046 - CRUD Operations validation check - Scenario 46 [Priority: CRITICAL]
[2026-07-19T17:55:40.380Z] INFO: Finished Test Case: TC_CRUD_046 - Status: PASSED (13ms)

[2026-07-19T17:55:40.380Z] INFO: Starting Test Case: TC_CRUD_047 - CRUD Operations validation check - Scenario 47 [Priority: HIGH]
[2026-07-19T17:55:40.403Z] INFO: Finished Test Case: TC_CRUD_047 - Status: PASSED (23ms)

[2026-07-19T17:55:40.404Z] INFO: Starting Test Case: TC_CRUD_048 - CRUD Operations validation check - Scenario 48 [Priority: HIGH]
[2026-07-19T17:55:40.422Z] INFO: Finished Test Case: TC_CRUD_048 - Status: PASSED (18ms)

[2026-07-19T17:55:40.422Z] INFO: Starting Test Case: TC_CRUD_049 - CRUD Operations validation check - Scenario 49 [Priority: LOW]
[2026-07-19T17:55:40.435Z] INFO: Finished Test Case: TC_CRUD_049 - Status: PASSED (13ms)

[2026-07-19T17:55:40.435Z] INFO: Starting Test Case: TC_CRUD_050 - CRUD Operations validation check - Scenario 50 [Priority: MEDIUM]
[2026-07-19T17:55:40.442Z] INFO: Finished Test Case: TC_CRUD_050 - Status: PASSED (7ms)

[2026-07-19T17:55:40.442Z] INFO: Starting Test Case: TC_VALIDATION_001 - Input Validation validation check - Scenario 1 [Priority: CRITICAL]
[2026-07-19T17:55:40.473Z] INFO: Finished Test Case: TC_VALIDATION_001 - Status: PASSED (31ms)

[2026-07-19T17:55:40.473Z] INFO: Starting Test Case: TC_VALIDATION_002 - Input Validation validation check - Scenario 2 [Priority: HIGH]
[2026-07-19T17:55:40.515Z] INFO: Finished Test Case: TC_VALIDATION_002 - Status: PASSED (42ms)

[2026-07-19T17:55:40.516Z] INFO: Starting Test Case: TC_VALIDATION_003 - Input Validation validation check - Scenario 3 [Priority: HIGH]
[2026-07-19T17:55:40.539Z] INFO: Finished Test Case: TC_VALIDATION_003 - Status: PASSED (24ms)

[2026-07-19T17:55:40.539Z] INFO: Starting Test Case: TC_VALIDATION_004 - Input Validation validation check - Scenario 4 [Priority: LOW]
[2026-07-19T17:55:40.573Z] INFO: Finished Test Case: TC_VALIDATION_004 - Status: PASSED (34ms)

[2026-07-19T17:55:40.573Z] INFO: Starting Test Case: TC_VALIDATION_005 - Input Validation validation check - Scenario 5 [Priority: MEDIUM]
[2026-07-19T17:55:40.588Z] INFO: Finished Test Case: TC_VALIDATION_005 - Status: PASSED (15ms)

[2026-07-19T17:55:40.589Z] INFO: Starting Test Case: TC_VALIDATION_006 - Input Validation validation check - Scenario 6 [Priority: CRITICAL]
[2026-07-19T17:55:40.608Z] INFO: Finished Test Case: TC_VALIDATION_006 - Status: PASSED (19ms)

[2026-07-19T17:55:40.608Z] INFO: Starting Test Case: TC_VALIDATION_007 - Input Validation validation check - Scenario 7 [Priority: HIGH]
[2026-07-19T17:55:40.643Z] INFO: Finished Test Case: TC_VALIDATION_007 - Status: PASSED (35ms)

[2026-07-19T17:55:40.643Z] INFO: Starting Test Case: TC_VALIDATION_008 - Input Validation validation check - Scenario 8 [Priority: HIGH]
[2026-07-19T17:55:40.684Z] INFO: Finished Test Case: TC_VALIDATION_008 - Status: PASSED (41ms)

[2026-07-19T17:55:40.684Z] INFO: Starting Test Case: TC_VALIDATION_009 - Input Validation validation check - Scenario 9 [Priority: LOW]
[2026-07-19T17:55:40.692Z] INFO: Finished Test Case: TC_VALIDATION_009 - Status: PASSED (8ms)

[2026-07-19T17:55:40.692Z] INFO: Starting Test Case: TC_VALIDATION_010 - Input Validation validation check - Scenario 10 [Priority: MEDIUM]
[2026-07-19T17:55:40.735Z] INFO: Finished Test Case: TC_VALIDATION_010 - Status: PASSED (43ms)

[2026-07-19T17:55:40.735Z] INFO: Starting Test Case: TC_VALIDATION_011 - Input Validation validation check - Scenario 11 [Priority: CRITICAL]
[2026-07-19T17:55:40.782Z] INFO: Finished Test Case: TC_VALIDATION_011 - Status: PASSED (47ms)

[2026-07-19T17:55:40.783Z] INFO: Starting Test Case: TC_VALIDATION_012 - Input Validation validation check - Scenario 12 [Priority: HIGH]
[2026-07-19T17:55:40.804Z] INFO: Finished Test Case: TC_VALIDATION_012 - Status: PASSED (21ms)

[2026-07-19T17:55:40.804Z] INFO: Starting Test Case: TC_VALIDATION_013 - Input Validation validation check - Scenario 13 [Priority: HIGH]
[2026-07-19T17:55:40.840Z] INFO: Finished Test Case: TC_VALIDATION_013 - Status: PASSED (36ms)

[2026-07-19T17:55:40.840Z] INFO: Starting Test Case: TC_VALIDATION_014 - Input Validation validation check - Scenario 14 [Priority: LOW]
[2026-07-19T17:55:40.873Z] INFO: Finished Test Case: TC_VALIDATION_014 - Status: PASSED (33ms)

[2026-07-19T17:55:40.873Z] INFO: Starting Test Case: TC_VALIDATION_015 - Input Validation validation check - Scenario 15 [Priority: MEDIUM]
[2026-07-19T17:55:40.896Z] INFO: Finished Test Case: TC_VALIDATION_015 - Status: PASSED (23ms)

[2026-07-19T17:55:40.896Z] INFO: Starting Test Case: TC_VALIDATION_016 - Input Validation validation check - Scenario 16 [Priority: CRITICAL]
[2026-07-19T17:55:40.925Z] INFO: Finished Test Case: TC_VALIDATION_016 - Status: PASSED (29ms)

[2026-07-19T17:55:40.925Z] INFO: Starting Test Case: TC_VALIDATION_017 - Input Validation validation check - Scenario 17 [Priority: HIGH]
[2026-07-19T17:55:40.974Z] INFO: Finished Test Case: TC_VALIDATION_017 - Status: PASSED (49ms)

[2026-07-19T17:55:40.974Z] INFO: Starting Test Case: TC_VALIDATION_018 - Input Validation validation check - Scenario 18 [Priority: HIGH]
[2026-07-19T17:55:41.018Z] INFO: Finished Test Case: TC_VALIDATION_018 - Status: PASSED (44ms)

[2026-07-19T17:55:41.018Z] INFO: Starting Test Case: TC_VALIDATION_019 - Input Validation validation check - Scenario 19 [Priority: LOW]
[2026-07-19T17:55:41.063Z] INFO: Finished Test Case: TC_VALIDATION_019 - Status: PASSED (45ms)

[2026-07-19T17:55:41.064Z] INFO: Starting Test Case: TC_VALIDATION_020 - Input Validation validation check - Scenario 20 [Priority: MEDIUM]
[2026-07-19T17:55:41.108Z] INFO: Finished Test Case: TC_VALIDATION_020 - Status: PASSED (44ms)

[2026-07-19T17:55:41.108Z] INFO: Starting Test Case: TC_VALIDATION_021 - Input Validation validation check - Scenario 21 [Priority: CRITICAL]
[2026-07-19T17:55:41.156Z] INFO: Finished Test Case: TC_VALIDATION_021 - Status: PASSED (48ms)

[2026-07-19T17:55:41.156Z] INFO: Starting Test Case: TC_VALIDATION_022 - Input Validation validation check - Scenario 22 [Priority: HIGH]
[2026-07-19T17:55:41.201Z] INFO: Finished Test Case: TC_VALIDATION_022 - Status: PASSED (45ms)

[2026-07-19T17:55:41.201Z] INFO: Starting Test Case: TC_VALIDATION_023 - Input Validation validation check - Scenario 23 [Priority: HIGH]
[2026-07-19T17:55:41.248Z] INFO: Finished Test Case: TC_VALIDATION_023 - Status: PASSED (47ms)

[2026-07-19T17:55:41.248Z] INFO: Starting Test Case: TC_VALIDATION_024 - Input Validation validation check - Scenario 24 [Priority: LOW]
[2026-07-19T17:55:41.281Z] INFO: Finished Test Case: TC_VALIDATION_024 - Status: PASSED (33ms)

[2026-07-19T17:55:41.282Z] INFO: Starting Test Case: TC_VALIDATION_025 - Input Validation validation check - Scenario 25 [Priority: MEDIUM]
[2026-07-19T17:55:41.313Z] INFO: Finished Test Case: TC_VALIDATION_025 - Status: PASSED (31ms)

[2026-07-19T17:55:41.313Z] INFO: Starting Test Case: TC_VALIDATION_026 - Input Validation validation check - Scenario 26 [Priority: CRITICAL]
[2026-07-19T17:55:41.356Z] INFO: Finished Test Case: TC_VALIDATION_026 - Status: PASSED (43ms)

[2026-07-19T17:55:41.356Z] INFO: Starting Test Case: TC_VALIDATION_027 - Input Validation validation check - Scenario 27 [Priority: HIGH]
[2026-07-19T17:55:41.395Z] INFO: Finished Test Case: TC_VALIDATION_027 - Status: PASSED (39ms)

[2026-07-19T17:55:41.396Z] INFO: Starting Test Case: TC_VALIDATION_028 - Input Validation validation check - Scenario 28 [Priority: HIGH]
[2026-07-19T17:55:41.405Z] INFO: Finished Test Case: TC_VALIDATION_028 - Status: PASSED (9ms)

[2026-07-19T17:55:41.405Z] INFO: Starting Test Case: TC_VALIDATION_029 - Input Validation validation check - Scenario 29 [Priority: LOW]
[2026-07-19T17:55:41.428Z] INFO: Finished Test Case: TC_VALIDATION_029 - Status: PASSED (23ms)

[2026-07-19T17:55:41.428Z] INFO: Starting Test Case: TC_VALIDATION_030 - Input Validation validation check - Scenario 30 [Priority: MEDIUM]
[2026-07-19T17:55:41.458Z] INFO: Finished Test Case: TC_VALIDATION_030 - Status: PASSED (30ms)

[2026-07-19T17:55:41.459Z] INFO: Starting Test Case: TC_VALIDATION_031 - Input Validation validation check - Scenario 31 [Priority: CRITICAL]
[2026-07-19T17:55:41.490Z] INFO: Finished Test Case: TC_VALIDATION_031 - Status: PASSED (31ms)

[2026-07-19T17:55:41.490Z] INFO: Starting Test Case: TC_VALIDATION_032 - Input Validation validation check - Scenario 32 [Priority: HIGH]
[2026-07-19T17:55:41.499Z] INFO: Finished Test Case: TC_VALIDATION_032 - Status: PASSED (9ms)

[2026-07-19T17:55:41.499Z] INFO: Starting Test Case: TC_VALIDATION_033 - Input Validation validation check - Scenario 33 [Priority: HIGH]
[2026-07-19T17:55:41.532Z] INFO: Finished Test Case: TC_VALIDATION_033 - Status: PASSED (33ms)

[2026-07-19T17:55:41.532Z] INFO: Starting Test Case: TC_VALIDATION_034 - Input Validation validation check - Scenario 34 [Priority: LOW]
[2026-07-19T17:55:41.552Z] INFO: Finished Test Case: TC_VALIDATION_034 - Status: PASSED (20ms)

[2026-07-19T17:55:41.552Z] INFO: Starting Test Case: TC_VALIDATION_035 - Input Validation validation check - Scenario 35 [Priority: MEDIUM]
[2026-07-19T17:55:41.567Z] INFO: Finished Test Case: TC_VALIDATION_035 - Status: PASSED (15ms)

[2026-07-19T17:55:41.568Z] INFO: Starting Test Case: TC_VALIDATION_036 - Input Validation validation check - Scenario 36 [Priority: CRITICAL]
[2026-07-19T17:55:41.607Z] INFO: Finished Test Case: TC_VALIDATION_036 - Status: PASSED (40ms)

[2026-07-19T17:55:41.607Z] INFO: Starting Test Case: TC_VALIDATION_037 - Input Validation validation check - Scenario 37 [Priority: HIGH]
[2026-07-19T17:55:41.654Z] INFO: Finished Test Case: TC_VALIDATION_037 - Status: PASSED (47ms)

[2026-07-19T17:55:41.654Z] INFO: Starting Test Case: TC_VALIDATION_038 - Input Validation validation check - Scenario 38 [Priority: HIGH]
[2026-07-19T17:55:41.672Z] INFO: Finished Test Case: TC_VALIDATION_038 - Status: PASSED (18ms)

[2026-07-19T17:55:41.673Z] INFO: Starting Test Case: TC_VALIDATION_039 - Input Validation validation check - Scenario 39 [Priority: LOW]
[2026-07-19T17:55:41.690Z] INFO: Finished Test Case: TC_VALIDATION_039 - Status: PASSED (17ms)

[2026-07-19T17:55:41.690Z] INFO: Starting Test Case: TC_VALIDATION_040 - Input Validation validation check - Scenario 40 [Priority: MEDIUM]
[2026-07-19T17:55:41.699Z] INFO: Finished Test Case: TC_VALIDATION_040 - Status: PASSED (9ms)

[2026-07-19T17:55:41.699Z] INFO: Starting Test Case: TC_ERROR_001 - Error Handling validation check - Scenario 1 [Priority: CRITICAL]
[2026-07-19T17:55:41.737Z] INFO: Finished Test Case: TC_ERROR_001 - Status: PASSED (38ms)

[2026-07-19T17:55:41.738Z] INFO: Starting Test Case: TC_ERROR_002 - Error Handling validation check - Scenario 2 [Priority: HIGH]
[2026-07-19T17:55:41.780Z] INFO: Finished Test Case: TC_ERROR_002 - Status: PASSED (42ms)

[2026-07-19T17:55:41.780Z] INFO: Starting Test Case: TC_ERROR_003 - Error Handling validation check - Scenario 3 [Priority: HIGH]
[2026-07-19T17:55:41.793Z] INFO: Finished Test Case: TC_ERROR_003 - Status: PASSED (13ms)

[2026-07-19T17:55:41.793Z] INFO: Starting Test Case: TC_ERROR_004 - Error Handling validation check - Scenario 4 [Priority: LOW]
[2026-07-19T17:55:41.810Z] INFO: Finished Test Case: TC_ERROR_004 - Status: PASSED (17ms)

[2026-07-19T17:55:41.810Z] INFO: Starting Test Case: TC_ERROR_005 - Error Handling validation check - Scenario 5 [Priority: MEDIUM]
[2026-07-19T17:55:41.816Z] INFO: Finished Test Case: TC_ERROR_005 - Status: PASSED (6ms)

[2026-07-19T17:55:41.816Z] INFO: Starting Test Case: TC_ERROR_006 - Error Handling validation check - Scenario 6 [Priority: CRITICAL]
[2026-07-19T17:55:41.846Z] INFO: Finished Test Case: TC_ERROR_006 - Status: PASSED (30ms)

[2026-07-19T17:55:41.846Z] INFO: Starting Test Case: TC_ERROR_007 - Error Handling validation check - Scenario 7 [Priority: HIGH]
[2026-07-19T17:55:41.861Z] INFO: Finished Test Case: TC_ERROR_007 - Status: PASSED (15ms)

[2026-07-19T17:55:41.861Z] INFO: Starting Test Case: TC_ERROR_008 - Error Handling validation check - Scenario 8 [Priority: HIGH]
[2026-07-19T17:55:41.879Z] INFO: Finished Test Case: TC_ERROR_008 - Status: PASSED (18ms)

[2026-07-19T17:55:41.879Z] INFO: Starting Test Case: TC_ERROR_009 - Error Handling validation check - Scenario 9 [Priority: LOW]
[2026-07-19T17:55:41.927Z] INFO: Finished Test Case: TC_ERROR_009 - Status: PASSED (48ms)

[2026-07-19T17:55:41.928Z] INFO: Starting Test Case: TC_ERROR_010 - Error Handling validation check - Scenario 10 [Priority: MEDIUM]
[2026-07-19T17:55:41.956Z] INFO: Finished Test Case: TC_ERROR_010 - Status: PASSED (28ms)

[2026-07-19T17:55:41.956Z] INFO: Starting Test Case: TC_ERROR_011 - Error Handling validation check - Scenario 11 [Priority: CRITICAL]
[2026-07-19T17:55:41.988Z] INFO: Finished Test Case: TC_ERROR_011 - Status: PASSED (32ms)

[2026-07-19T17:55:41.988Z] INFO: Starting Test Case: TC_ERROR_012 - Error Handling validation check - Scenario 12 [Priority: HIGH]
[2026-07-19T17:55:42.034Z] INFO: Finished Test Case: TC_ERROR_012 - Status: PASSED (46ms)

[2026-07-19T17:55:42.034Z] INFO: Starting Test Case: TC_ERROR_013 - Error Handling validation check - Scenario 13 [Priority: HIGH]
[2026-07-19T17:55:42.044Z] INFO: Finished Test Case: TC_ERROR_013 - Status: PASSED (10ms)

[2026-07-19T17:55:42.044Z] INFO: Starting Test Case: TC_ERROR_014 - Error Handling validation check - Scenario 14 [Priority: LOW]
[2026-07-19T17:55:42.065Z] INFO: Finished Test Case: TC_ERROR_014 - Status: PASSED (21ms)

[2026-07-19T17:55:42.065Z] INFO: Starting Test Case: TC_ERROR_015 - Error Handling validation check - Scenario 15 [Priority: MEDIUM]
[2026-07-19T17:55:42.112Z] INFO: Finished Test Case: TC_ERROR_015 - Status: PASSED (47ms)

[2026-07-19T17:55:42.112Z] INFO: Starting Test Case: TC_ERROR_016 - Error Handling validation check - Scenario 16 [Priority: CRITICAL]
[2026-07-19T17:55:42.122Z] INFO: Finished Test Case: TC_ERROR_016 - Status: PASSED (10ms)

[2026-07-19T17:55:42.122Z] INFO: Starting Test Case: TC_ERROR_017 - Error Handling validation check - Scenario 17 [Priority: HIGH]
[2026-07-19T17:55:42.141Z] INFO: Finished Test Case: TC_ERROR_017 - Status: PASSED (19ms)

[2026-07-19T17:55:42.142Z] INFO: Starting Test Case: TC_ERROR_018 - Error Handling validation check - Scenario 18 [Priority: HIGH]
[2026-07-19T17:55:42.154Z] INFO: Finished Test Case: TC_ERROR_018 - Status: PASSED (12ms)

[2026-07-19T17:55:42.154Z] INFO: Starting Test Case: TC_ERROR_019 - Error Handling validation check - Scenario 19 [Priority: LOW]
[2026-07-19T17:55:42.188Z] INFO: Finished Test Case: TC_ERROR_019 - Status: PASSED (34ms)

[2026-07-19T17:55:42.188Z] INFO: Starting Test Case: TC_ERROR_020 - Error Handling validation check - Scenario 20 [Priority: MEDIUM]
[2026-07-19T17:55:42.231Z] INFO: Finished Test Case: TC_ERROR_020 - Status: PASSED (43ms)

[2026-07-19T17:55:42.231Z] INFO: Starting Test Case: TC_SESSION_001 - Session Management validation check - Scenario 1 [Priority: CRITICAL]
[2026-07-19T17:55:42.236Z] INFO: Finished Test Case: TC_SESSION_001 - Status: PASSED (5ms)

[2026-07-19T17:55:42.236Z] INFO: Starting Test Case: TC_SESSION_002 - Session Management validation check - Scenario 2 [Priority: HIGH]
[2026-07-19T17:55:42.242Z] INFO: Finished Test Case: TC_SESSION_002 - Status: PASSED (6ms)

[2026-07-19T17:55:42.242Z] INFO: Starting Test Case: TC_SESSION_003 - Session Management validation check - Scenario 3 [Priority: HIGH]
[2026-07-19T17:55:42.269Z] INFO: Finished Test Case: TC_SESSION_003 - Status: PASSED (27ms)

[2026-07-19T17:55:42.269Z] INFO: Starting Test Case: TC_SESSION_004 - Session Management validation check - Scenario 4 [Priority: LOW]
[2026-07-19T17:55:42.285Z] INFO: Finished Test Case: TC_SESSION_004 - Status: PASSED (16ms)

[2026-07-19T17:55:42.285Z] INFO: Starting Test Case: TC_SESSION_005 - Session Management validation check - Scenario 5 [Priority: MEDIUM]
[2026-07-19T17:55:42.294Z] INFO: Finished Test Case: TC_SESSION_005 - Status: PASSED (9ms)

[2026-07-19T17:55:42.295Z] INFO: Starting Test Case: TC_SESSION_006 - Session Management validation check - Scenario 6 [Priority: CRITICAL]
[2026-07-19T17:55:42.323Z] INFO: Finished Test Case: TC_SESSION_006 - Status: PASSED (28ms)

[2026-07-19T17:55:42.323Z] INFO: Starting Test Case: TC_SESSION_007 - Session Management validation check - Scenario 7 [Priority: HIGH]
[2026-07-19T17:55:42.346Z] INFO: Finished Test Case: TC_SESSION_007 - Status: PASSED (23ms)

[2026-07-19T17:55:42.346Z] INFO: Starting Test Case: TC_SESSION_008 - Session Management validation check - Scenario 8 [Priority: HIGH]
[2026-07-19T17:55:42.372Z] INFO: Finished Test Case: TC_SESSION_008 - Status: PASSED (26ms)

[2026-07-19T17:55:42.372Z] INFO: Starting Test Case: TC_SESSION_009 - Session Management validation check - Scenario 9 [Priority: LOW]
[2026-07-19T17:55:42.411Z] INFO: Finished Test Case: TC_SESSION_009 - Status: PASSED (39ms)

[2026-07-19T17:55:42.411Z] INFO: Starting Test Case: TC_SESSION_010 - Session Management validation check - Scenario 10 [Priority: MEDIUM]
[2026-07-19T17:55:42.437Z] INFO: Finished Test Case: TC_SESSION_010 - Status: PASSED (26ms)

[2026-07-19T17:55:42.437Z] INFO: Starting Test Case: TC_SESSION_011 - Session Management validation check - Scenario 11 [Priority: CRITICAL]
[2026-07-19T17:55:42.451Z] INFO: Finished Test Case: TC_SESSION_011 - Status: PASSED (14ms)

[2026-07-19T17:55:42.451Z] INFO: Starting Test Case: TC_SESSION_012 - Session Management validation check - Scenario 12 [Priority: HIGH]
[2026-07-19T17:55:42.456Z] INFO: Finished Test Case: TC_SESSION_012 - Status: PASSED (5ms)

[2026-07-19T17:55:42.456Z] INFO: Starting Test Case: TC_SESSION_013 - Session Management validation check - Scenario 13 [Priority: HIGH]
[2026-07-19T17:55:42.506Z] INFO: Finished Test Case: TC_SESSION_013 - Status: PASSED (50ms)

[2026-07-19T17:55:42.507Z] INFO: Starting Test Case: TC_SESSION_014 - Session Management validation check - Scenario 14 [Priority: LOW]
[2026-07-19T17:55:42.538Z] INFO: Finished Test Case: TC_SESSION_014 - Status: PASSED (31ms)

[2026-07-19T17:55:42.538Z] INFO: Starting Test Case: TC_SESSION_015 - Session Management validation check - Scenario 15 [Priority: MEDIUM]
[2026-07-19T17:55:42.581Z] INFO: Finished Test Case: TC_SESSION_015 - Status: PASSED (43ms)

[2026-07-19T17:55:42.581Z] INFO: Starting Test Case: TC_SESSION_016 - Session Management validation check - Scenario 16 [Priority: CRITICAL]
[2026-07-19T17:55:42.631Z] INFO: Finished Test Case: TC_SESSION_016 - Status: PASSED (50ms)

[2026-07-19T17:55:42.631Z] INFO: Starting Test Case: TC_SESSION_017 - Session Management validation check - Scenario 17 [Priority: HIGH]
[2026-07-19T17:55:42.636Z] INFO: Finished Test Case: TC_SESSION_017 - Status: PASSED (5ms)

[2026-07-19T17:55:42.636Z] INFO: Starting Test Case: TC_SESSION_018 - Session Management validation check - Scenario 18 [Priority: HIGH]
[2026-07-19T17:55:42.646Z] INFO: Finished Test Case: TC_SESSION_018 - Status: PASSED (10ms)

[2026-07-19T17:55:42.646Z] INFO: Starting Test Case: TC_SESSION_019 - Session Management validation check - Scenario 19 [Priority: LOW]
[2026-07-19T17:55:42.662Z] INFO: Finished Test Case: TC_SESSION_019 - Status: PASSED (16ms)

[2026-07-19T17:55:42.662Z] INFO: Starting Test Case: TC_SESSION_020 - Session Management validation check - Scenario 20 [Priority: MEDIUM]
[2026-07-19T17:55:42.704Z] INFO: Finished Test Case: TC_SESSION_020 - Status: PASSED (42ms)

[2026-07-19T17:55:42.704Z] INFO: Starting Test Case: TC_FILE_001 - File Upload validation check - Scenario 1 [Priority: CRITICAL]
[2026-07-19T17:55:42.728Z] INFO: Finished Test Case: TC_FILE_001 - Status: PASSED (24ms)

[2026-07-19T17:55:42.728Z] INFO: Starting Test Case: TC_FILE_002 - File Upload validation check - Scenario 2 [Priority: HIGH]
[2026-07-19T17:55:42.729Z] INFO: Running E2E: Large File Upload...
[2026-07-19T17:55:42.729Z] INFO: Finished Test Case: TC_FILE_002 - Status: PASSED (1ms)

[2026-07-19T17:55:42.729Z] INFO: Starting Test Case: TC_FILE_003 - File Upload validation check - Scenario 3 [Priority: HIGH]
[2026-07-19T17:55:42.771Z] INFO: Finished Test Case: TC_FILE_003 - Status: PASSED (42ms)

[2026-07-19T17:55:42.771Z] INFO: Starting Test Case: TC_FILE_004 - File Upload validation check - Scenario 4 [Priority: LOW]
[2026-07-19T17:55:42.814Z] INFO: Finished Test Case: TC_FILE_004 - Status: PASSED (43ms)

[2026-07-19T17:55:42.814Z] INFO: Starting Test Case: TC_FILE_005 - File Upload validation check - Scenario 5 [Priority: MEDIUM]
[2026-07-19T17:55:42.821Z] INFO: Finished Test Case: TC_FILE_005 - Status: PASSED (7ms)

[2026-07-19T17:55:42.821Z] INFO: Starting Test Case: TC_FILE_006 - File Upload validation check - Scenario 6 [Priority: CRITICAL]
[2026-07-19T17:55:42.860Z] INFO: Finished Test Case: TC_FILE_006 - Status: PASSED (39ms)

[2026-07-19T17:55:42.860Z] INFO: Starting Test Case: TC_FILE_007 - File Upload validation check - Scenario 7 [Priority: HIGH]
[2026-07-19T17:55:42.866Z] INFO: Finished Test Case: TC_FILE_007 - Status: PASSED (6ms)

[2026-07-19T17:55:42.866Z] INFO: Starting Test Case: TC_FILE_008 - File Upload validation check - Scenario 8 [Priority: HIGH]
[2026-07-19T17:55:42.916Z] INFO: Finished Test Case: TC_FILE_008 - Status: PASSED (50ms)

[2026-07-19T17:55:42.916Z] INFO: Starting Test Case: TC_FILE_009 - File Upload validation check - Scenario 9 [Priority: LOW]
[2026-07-19T17:55:42.947Z] INFO: Finished Test Case: TC_FILE_009 - Status: PASSED (31ms)

[2026-07-19T17:55:42.947Z] INFO: Starting Test Case: TC_FILE_010 - File Upload validation check - Scenario 10 [Priority: MEDIUM]
[2026-07-19T17:55:42.957Z] INFO: Finished Test Case: TC_FILE_010 - Status: PASSED (10ms)

[2026-07-19T17:55:42.957Z] INFO: Starting Test Case: TC_FILE_011 - File Upload validation check - Scenario 11 [Priority: CRITICAL]
[2026-07-19T17:55:43.002Z] INFO: Finished Test Case: TC_FILE_011 - Status: PASSED (44ms)

[2026-07-19T17:55:43.002Z] INFO: Starting Test Case: TC_FILE_012 - File Upload validation check - Scenario 12 [Priority: HIGH]
[2026-07-19T17:55:43.024Z] INFO: Finished Test Case: TC_FILE_012 - Status: PASSED (22ms)

[2026-07-19T17:55:43.024Z] INFO: Starting Test Case: TC_FILE_013 - File Upload validation check - Scenario 13 [Priority: HIGH]
[2026-07-19T17:55:43.045Z] INFO: Finished Test Case: TC_FILE_013 - Status: PASSED (21ms)

[2026-07-19T17:55:43.045Z] INFO: Starting Test Case: TC_FILE_014 - File Upload validation check - Scenario 14 [Priority: LOW]
[2026-07-19T17:55:43.095Z] INFO: Finished Test Case: TC_FILE_014 - Status: PASSED (50ms)

[2026-07-19T17:55:43.095Z] INFO: Starting Test Case: TC_FILE_015 - File Upload validation check - Scenario 15 [Priority: MEDIUM]
[2026-07-19T17:55:43.141Z] INFO: Finished Test Case: TC_FILE_015 - Status: PASSED (46ms)

[2026-07-19T17:55:43.141Z] INFO: Starting Test Case: TC_FILE_016 - File Upload validation check - Scenario 16 [Priority: CRITICAL]
[2026-07-19T17:55:43.160Z] INFO: Finished Test Case: TC_FILE_016 - Status: PASSED (19ms)

[2026-07-19T17:55:43.161Z] INFO: Starting Test Case: TC_FILE_017 - File Upload validation check - Scenario 17 [Priority: HIGH]
[2026-07-19T17:55:43.171Z] INFO: Finished Test Case: TC_FILE_017 - Status: PASSED (10ms)

[2026-07-19T17:55:43.171Z] INFO: Starting Test Case: TC_FILE_018 - File Upload validation check - Scenario 18 [Priority: HIGH]
[2026-07-19T17:55:43.188Z] INFO: Finished Test Case: TC_FILE_018 - Status: PASSED (17ms)

[2026-07-19T17:55:43.188Z] INFO: Starting Test Case: TC_FILE_019 - File Upload validation check - Scenario 19 [Priority: LOW]
[2026-07-19T17:55:43.212Z] INFO: Finished Test Case: TC_FILE_019 - Status: PASSED (24ms)

[2026-07-19T17:55:43.213Z] INFO: Starting Test Case: TC_FILE_020 - File Upload validation check - Scenario 20 [Priority: MEDIUM]
[2026-07-19T17:55:43.245Z] INFO: Finished Test Case: TC_FILE_020 - Status: PASSED (32ms)

[2026-07-19T17:55:43.245Z] INFO: Starting Test Case: TC_A11Y_001 - Accessibility validation check - Scenario 1 [Priority: CRITICAL]
[2026-07-19T17:55:43.255Z] INFO: Finished Test Case: TC_A11Y_001 - Status: PASSED (10ms)

[2026-07-19T17:55:43.255Z] INFO: Starting Test Case: TC_A11Y_002 - Accessibility validation check - Scenario 2 [Priority: HIGH]
[2026-07-19T17:55:43.274Z] INFO: Finished Test Case: TC_A11Y_002 - Status: PASSED (18ms)

[2026-07-19T17:55:43.274Z] INFO: Starting Test Case: TC_A11Y_003 - Accessibility validation check - Scenario 3 [Priority: HIGH]
[2026-07-19T17:55:43.290Z] INFO: Finished Test Case: TC_A11Y_003 - Status: PASSED (16ms)

[2026-07-19T17:55:43.290Z] INFO: Starting Test Case: TC_A11Y_004 - Accessibility validation check - Scenario 4 [Priority: LOW]
[2026-07-19T17:55:43.334Z] INFO: Finished Test Case: TC_A11Y_004 - Status: PASSED (44ms)

[2026-07-19T17:55:43.334Z] INFO: Starting Test Case: TC_A11Y_005 - Accessibility validation check - Scenario 5 [Priority: MEDIUM]
[2026-07-19T17:55:43.368Z] INFO: Finished Test Case: TC_A11Y_005 - Status: PASSED (34ms)

[2026-07-19T17:55:43.368Z] INFO: Starting Test Case: TC_A11Y_006 - Accessibility validation check - Scenario 6 [Priority: CRITICAL]
[2026-07-19T17:55:43.380Z] INFO: Finished Test Case: TC_A11Y_006 - Status: PASSED (12ms)

[2026-07-19T17:55:43.380Z] INFO: Starting Test Case: TC_A11Y_007 - Accessibility validation check - Scenario 7 [Priority: HIGH]
[2026-07-19T17:55:43.419Z] INFO: Finished Test Case: TC_A11Y_007 - Status: PASSED (39ms)

[2026-07-19T17:55:43.419Z] INFO: Starting Test Case: TC_A11Y_008 - Accessibility validation check - Scenario 8 [Priority: HIGH]
[2026-07-19T17:55:43.439Z] INFO: Finished Test Case: TC_A11Y_008 - Status: PASSED (20ms)

[2026-07-19T17:55:43.439Z] INFO: Starting Test Case: TC_A11Y_009 - Accessibility validation check - Scenario 9 [Priority: LOW]
[2026-07-19T17:55:43.480Z] INFO: Finished Test Case: TC_A11Y_009 - Status: PASSED (41ms)

[2026-07-19T17:55:43.480Z] INFO: Starting Test Case: TC_A11Y_010 - Accessibility validation check - Scenario 10 [Priority: MEDIUM]
[2026-07-19T17:55:43.516Z] INFO: Finished Test Case: TC_A11Y_010 - Status: PASSED (36ms)

[2026-07-19T17:55:43.516Z] INFO: Starting Test Case: TC_A11Y_011 - Accessibility validation check - Scenario 11 [Priority: CRITICAL]
[2026-07-19T17:55:43.554Z] INFO: Finished Test Case: TC_A11Y_011 - Status: PASSED (38ms)

[2026-07-19T17:55:43.554Z] INFO: Starting Test Case: TC_A11Y_012 - Accessibility validation check - Scenario 12 [Priority: HIGH]
[2026-07-19T17:55:43.592Z] INFO: Finished Test Case: TC_A11Y_012 - Status: PASSED (38ms)

[2026-07-19T17:55:43.592Z] INFO: Starting Test Case: TC_A11Y_013 - Accessibility validation check - Scenario 13 [Priority: HIGH]
[2026-07-19T17:55:43.620Z] INFO: Finished Test Case: TC_A11Y_013 - Status: PASSED (28ms)

[2026-07-19T17:55:43.620Z] INFO: Starting Test Case: TC_A11Y_014 - Accessibility validation check - Scenario 14 [Priority: LOW]
[2026-07-19T17:55:43.647Z] INFO: Finished Test Case: TC_A11Y_014 - Status: PASSED (27ms)

[2026-07-19T17:55:43.647Z] INFO: Starting Test Case: TC_A11Y_015 - Accessibility validation check - Scenario 15 [Priority: MEDIUM]
[2026-07-19T17:55:43.666Z] INFO: Finished Test Case: TC_A11Y_015 - Status: PASSED (19ms)

[2026-07-19T17:55:43.666Z] INFO: Starting Test Case: TC_A11Y_016 - Accessibility validation check - Scenario 16 [Priority: CRITICAL]
[2026-07-19T17:55:43.693Z] INFO: Finished Test Case: TC_A11Y_016 - Status: PASSED (27ms)

[2026-07-19T17:55:43.694Z] INFO: Starting Test Case: TC_A11Y_017 - Accessibility validation check - Scenario 17 [Priority: HIGH]
[2026-07-19T17:55:43.728Z] INFO: Finished Test Case: TC_A11Y_017 - Status: PASSED (35ms)

[2026-07-19T17:55:43.728Z] INFO: Starting Test Case: TC_A11Y_018 - Accessibility validation check - Scenario 18 [Priority: HIGH]
[2026-07-19T17:55:43.747Z] INFO: Finished Test Case: TC_A11Y_018 - Status: PASSED (19ms)

[2026-07-19T17:55:43.747Z] INFO: Starting Test Case: TC_A11Y_019 - Accessibility validation check - Scenario 19 [Priority: LOW]
[2026-07-19T17:55:43.767Z] INFO: Finished Test Case: TC_A11Y_019 - Status: PASSED (20ms)

[2026-07-19T17:55:43.768Z] INFO: Starting Test Case: TC_A11Y_020 - Accessibility validation check - Scenario 20 [Priority: MEDIUM]
[2026-07-19T17:55:43.815Z] INFO: Finished Test Case: TC_A11Y_020 - Status: PASSED (48ms)

[2026-07-19T17:55:43.815Z] INFO: Starting Test Case: TC_RESPONSIVE_001 - Responsive Design validation check - Scenario 1 [Priority: CRITICAL]
[2026-07-19T17:55:43.852Z] INFO: Finished Test Case: TC_RESPONSIVE_001 - Status: PASSED (37ms)

[2026-07-19T17:55:43.852Z] INFO: Starting Test Case: TC_RESPONSIVE_002 - Responsive Design validation check - Scenario 2 [Priority: HIGH]
[2026-07-19T17:55:43.885Z] INFO: Finished Test Case: TC_RESPONSIVE_002 - Status: PASSED (33ms)

[2026-07-19T17:55:43.885Z] INFO: Starting Test Case: TC_RESPONSIVE_003 - Responsive Design validation check - Scenario 3 [Priority: HIGH]
[2026-07-19T17:55:43.918Z] INFO: Finished Test Case: TC_RESPONSIVE_003 - Status: PASSED (33ms)

[2026-07-19T17:55:43.918Z] INFO: Starting Test Case: TC_RESPONSIVE_004 - Responsive Design validation check - Scenario 4 [Priority: LOW]
[2026-07-19T17:55:43.930Z] INFO: Finished Test Case: TC_RESPONSIVE_004 - Status: PASSED (12ms)

[2026-07-19T17:55:43.930Z] INFO: Starting Test Case: TC_RESPONSIVE_005 - Responsive Design validation check - Scenario 5 [Priority: MEDIUM]
[2026-07-19T17:55:43.977Z] INFO: Finished Test Case: TC_RESPONSIVE_005 - Status: PASSED (47ms)

[2026-07-19T17:55:43.977Z] INFO: Starting Test Case: TC_RESPONSIVE_006 - Responsive Design validation check - Scenario 6 [Priority: CRITICAL]
[2026-07-19T17:55:44.026Z] INFO: Finished Test Case: TC_RESPONSIVE_006 - Status: PASSED (49ms)

[2026-07-19T17:55:44.026Z] INFO: Starting Test Case: TC_RESPONSIVE_007 - Responsive Design validation check - Scenario 7 [Priority: HIGH]
[2026-07-19T17:55:44.068Z] INFO: Finished Test Case: TC_RESPONSIVE_007 - Status: PASSED (42ms)

[2026-07-19T17:55:44.069Z] INFO: Starting Test Case: TC_RESPONSIVE_008 - Responsive Design validation check - Scenario 8 [Priority: HIGH]
[2026-07-19T17:55:44.113Z] INFO: Finished Test Case: TC_RESPONSIVE_008 - Status: PASSED (44ms)

[2026-07-19T17:55:44.113Z] INFO: Starting Test Case: TC_RESPONSIVE_009 - Responsive Design validation check - Scenario 9 [Priority: LOW]
[2026-07-19T17:55:44.147Z] INFO: Finished Test Case: TC_RESPONSIVE_009 - Status: PASSED (34ms)

[2026-07-19T17:55:44.147Z] INFO: Starting Test Case: TC_RESPONSIVE_010 - Responsive Design validation check - Scenario 10 [Priority: MEDIUM]
[2026-07-19T17:55:44.183Z] INFO: Finished Test Case: TC_RESPONSIVE_010 - Status: PASSED (35ms)

[2026-07-19T17:55:44.183Z] INFO: Starting Test Case: TC_RESPONSIVE_011 - Responsive Design validation check - Scenario 11 [Priority: CRITICAL]
[2026-07-19T17:55:44.223Z] INFO: Finished Test Case: TC_RESPONSIVE_011 - Status: PASSED (40ms)

[2026-07-19T17:55:44.223Z] INFO: Starting Test Case: TC_RESPONSIVE_012 - Responsive Design validation check - Scenario 12 [Priority: HIGH]
[2026-07-19T17:55:44.235Z] INFO: Finished Test Case: TC_RESPONSIVE_012 - Status: PASSED (12ms)

[2026-07-19T17:55:44.235Z] INFO: Starting Test Case: TC_RESPONSIVE_013 - Responsive Design validation check - Scenario 13 [Priority: HIGH]
[2026-07-19T17:55:44.282Z] INFO: Finished Test Case: TC_RESPONSIVE_013 - Status: PASSED (47ms)

[2026-07-19T17:55:44.282Z] INFO: Starting Test Case: TC_RESPONSIVE_014 - Responsive Design validation check - Scenario 14 [Priority: LOW]
[2026-07-19T17:55:44.291Z] INFO: Finished Test Case: TC_RESPONSIVE_014 - Status: PASSED (9ms)

[2026-07-19T17:55:44.291Z] INFO: Starting Test Case: TC_RESPONSIVE_015 - Responsive Design validation check - Scenario 15 [Priority: MEDIUM]
[2026-07-19T17:55:44.315Z] INFO: Finished Test Case: TC_RESPONSIVE_015 - Status: PASSED (24ms)

[2026-07-19T17:55:44.316Z] INFO: Starting Test Case: TC_RESPONSIVE_016 - Responsive Design validation check - Scenario 16 [Priority: CRITICAL]
[2026-07-19T17:55:44.361Z] INFO: Finished Test Case: TC_RESPONSIVE_016 - Status: PASSED (46ms)

[2026-07-19T17:55:44.361Z] INFO: Starting Test Case: TC_RESPONSIVE_017 - Responsive Design validation check - Scenario 17 [Priority: HIGH]
[2026-07-19T17:55:44.403Z] INFO: Finished Test Case: TC_RESPONSIVE_017 - Status: PASSED (42ms)

[2026-07-19T17:55:44.403Z] INFO: Starting Test Case: TC_RESPONSIVE_018 - Responsive Design validation check - Scenario 18 [Priority: HIGH]
[2026-07-19T17:55:44.433Z] INFO: Finished Test Case: TC_RESPONSIVE_018 - Status: PASSED (30ms)

[2026-07-19T17:55:44.434Z] INFO: Starting Test Case: TC_RESPONSIVE_019 - Responsive Design validation check - Scenario 19 [Priority: LOW]
[2026-07-19T17:55:44.444Z] INFO: Finished Test Case: TC_RESPONSIVE_019 - Status: PASSED (10ms)

[2026-07-19T17:55:44.444Z] INFO: Starting Test Case: TC_RESPONSIVE_020 - Responsive Design validation check - Scenario 20 [Priority: MEDIUM]
[2026-07-19T17:55:44.461Z] INFO: Finished Test Case: TC_RESPONSIVE_020 - Status: PASSED (17ms)

[2026-07-19T17:55:44.461Z] INFO: Starting Test Case: TC_PERF_001 - Performance Smoke validation check - Scenario 1 [Priority: CRITICAL]
[2026-07-19T17:55:44.501Z] INFO: Finished Test Case: TC_PERF_001 - Status: PASSED (40ms)

[2026-07-19T17:55:44.502Z] INFO: Starting Test Case: TC_PERF_002 - Performance Smoke validation check - Scenario 2 [Priority: HIGH]
[2026-07-19T17:55:44.521Z] INFO: Finished Test Case: TC_PERF_002 - Status: PASSED (19ms)

[2026-07-19T17:55:44.521Z] INFO: Starting Test Case: TC_PERF_003 - Performance Smoke validation check - Scenario 3 [Priority: HIGH]
[2026-07-19T17:55:44.564Z] INFO: Finished Test Case: TC_PERF_003 - Status: PASSED (43ms)

[2026-07-19T17:55:44.564Z] INFO: Starting Test Case: TC_PERF_004 - Performance Smoke validation check - Scenario 4 [Priority: LOW]
[2026-07-19T17:55:44.595Z] INFO: Finished Test Case: TC_PERF_004 - Status: PASSED (31ms)

[2026-07-19T17:55:44.595Z] INFO: Starting Test Case: TC_PERF_005 - Performance Smoke validation check - Scenario 5 [Priority: MEDIUM]
[2026-07-19T17:55:44.616Z] INFO: Finished Test Case: TC_PERF_005 - Status: PASSED (21ms)

[2026-07-19T17:55:44.616Z] INFO: Starting Test Case: TC_PERF_006 - Performance Smoke validation check - Scenario 6 [Priority: CRITICAL]
[2026-07-19T17:55:44.661Z] INFO: Finished Test Case: TC_PERF_006 - Status: PASSED (45ms)

[2026-07-19T17:55:44.661Z] INFO: Starting Test Case: TC_PERF_007 - Performance Smoke validation check - Scenario 7 [Priority: HIGH]
[2026-07-19T17:55:44.682Z] INFO: Finished Test Case: TC_PERF_007 - Status: PASSED (21ms)

[2026-07-19T17:55:44.682Z] INFO: Starting Test Case: TC_PERF_008 - Performance Smoke validation check - Scenario 8 [Priority: HIGH]
[2026-07-19T17:55:44.716Z] INFO: Finished Test Case: TC_PERF_008 - Status: PASSED (34ms)

[2026-07-19T17:55:44.716Z] INFO: Starting Test Case: TC_PERF_009 - Performance Smoke validation check - Scenario 9 [Priority: LOW]
[2026-07-19T17:55:44.751Z] INFO: Finished Test Case: TC_PERF_009 - Status: PASSED (35ms)

[2026-07-19T17:55:44.752Z] INFO: Starting Test Case: TC_PERF_010 - Performance Smoke validation check - Scenario 10 [Priority: MEDIUM]
[2026-07-19T17:55:44.797Z] INFO: Finished Test Case: TC_PERF_010 - Status: PASSED (45ms)

[2026-07-19T17:55:44.797Z] INFO: Starting Test Case: TC_PERF_011 - Performance Smoke validation check - Scenario 11 [Priority: CRITICAL]
[2026-07-19T17:55:44.805Z] INFO: Finished Test Case: TC_PERF_011 - Status: PASSED (8ms)

[2026-07-19T17:55:44.806Z] INFO: Starting Test Case: TC_PERF_012 - Performance Smoke validation check - Scenario 12 [Priority: HIGH]
[2026-07-19T17:55:44.832Z] INFO: Finished Test Case: TC_PERF_012 - Status: PASSED (27ms)

[2026-07-19T17:55:44.832Z] INFO: Starting Test Case: TC_PERF_013 - Performance Smoke validation check - Scenario 13 [Priority: HIGH]
[2026-07-19T17:55:44.855Z] INFO: Finished Test Case: TC_PERF_013 - Status: PASSED (23ms)

[2026-07-19T17:55:44.855Z] INFO: Starting Test Case: TC_PERF_014 - Performance Smoke validation check - Scenario 14 [Priority: LOW]
[2026-07-19T17:55:44.875Z] INFO: Finished Test Case: TC_PERF_014 - Status: PASSED (20ms)

[2026-07-19T17:55:44.875Z] INFO: Starting Test Case: TC_PERF_015 - Performance Smoke validation check - Scenario 15 [Priority: MEDIUM]
[2026-07-19T17:55:44.895Z] INFO: Finished Test Case: TC_PERF_015 - Status: PASSED (20ms)

[2026-07-19T17:55:44.895Z] INFO: Starting Test Case: TC_PERF_016 - Performance Smoke validation check - Scenario 16 [Priority: CRITICAL]
[2026-07-19T17:55:44.910Z] INFO: Finished Test Case: TC_PERF_016 - Status: PASSED (15ms)

[2026-07-19T17:55:44.910Z] INFO: Starting Test Case: TC_PERF_017 - Performance Smoke validation check - Scenario 17 [Priority: HIGH]
[2026-07-19T17:55:44.956Z] INFO: Finished Test Case: TC_PERF_017 - Status: PASSED (46ms)

[2026-07-19T17:55:44.956Z] INFO: Starting Test Case: TC_PERF_018 - Performance Smoke validation check - Scenario 18 [Priority: HIGH]
[2026-07-19T17:55:44.989Z] INFO: Finished Test Case: TC_PERF_018 - Status: PASSED (33ms)

[2026-07-19T17:55:44.989Z] INFO: Starting Test Case: TC_PERF_019 - Performance Smoke validation check - Scenario 19 [Priority: LOW]
[2026-07-19T17:55:44.998Z] INFO: Finished Test Case: TC_PERF_019 - Status: PASSED (9ms)

[2026-07-19T17:55:44.998Z] INFO: Starting Test Case: TC_PERF_020 - Performance Smoke validation check - Scenario 20 [Priority: MEDIUM]
[2026-07-19T17:55:45.044Z] INFO: Finished Test Case: TC_PERF_020 - Status: PASSED (46ms)

[2026-07-19T17:55:45.044Z] INFO: Starting Test Case: TC_REGR_001 - Regression validation check - Scenario 1 [Priority: CRITICAL]
[2026-07-19T17:55:45.090Z] INFO: Finished Test Case: TC_REGR_001 - Status: PASSED (46ms)

[2026-07-19T17:55:45.090Z] INFO: Starting Test Case: TC_REGR_002 - Regression validation check - Scenario 2 [Priority: HIGH]
[2026-07-19T17:55:45.131Z] INFO: Finished Test Case: TC_REGR_002 - Status: PASSED (41ms)

[2026-07-19T17:55:45.131Z] INFO: Starting Test Case: TC_REGR_003 - Regression validation check - Scenario 3 [Priority: HIGH]
[2026-07-19T17:55:45.160Z] INFO: Finished Test Case: TC_REGR_003 - Status: PASSED (29ms)

[2026-07-19T17:55:45.160Z] INFO: Starting Test Case: TC_REGR_004 - Regression validation check - Scenario 4 [Priority: LOW]
[2026-07-19T17:55:45.200Z] INFO: Finished Test Case: TC_REGR_004 - Status: PASSED (40ms)

[2026-07-19T17:55:45.200Z] INFO: Starting Test Case: TC_REGR_005 - Regression validation check - Scenario 5 [Priority: MEDIUM]
[2026-07-19T17:55:45.220Z] INFO: Finished Test Case: TC_REGR_005 - Status: PASSED (20ms)

[2026-07-19T17:55:45.220Z] INFO: Starting Test Case: TC_REGR_006 - Regression validation check - Scenario 6 [Priority: CRITICAL]
[2026-07-19T17:55:45.238Z] INFO: Finished Test Case: TC_REGR_006 - Status: PASSED (18ms)

[2026-07-19T17:55:45.238Z] INFO: Starting Test Case: TC_REGR_007 - Regression validation check - Scenario 7 [Priority: HIGH]
[2026-07-19T17:55:45.278Z] INFO: Finished Test Case: TC_REGR_007 - Status: PASSED (40ms)

[2026-07-19T17:55:45.278Z] INFO: Starting Test Case: TC_REGR_008 - Regression validation check - Scenario 8 [Priority: HIGH]
[2026-07-19T17:55:45.299Z] INFO: Finished Test Case: TC_REGR_008 - Status: PASSED (21ms)

[2026-07-19T17:55:45.299Z] INFO: Starting Test Case: TC_REGR_009 - Regression validation check - Scenario 9 [Priority: LOW]
[2026-07-19T17:55:45.319Z] INFO: Finished Test Case: TC_REGR_009 - Status: PASSED (20ms)

[2026-07-19T17:55:45.319Z] INFO: Starting Test Case: TC_REGR_010 - Regression validation check - Scenario 10 [Priority: MEDIUM]
[2026-07-19T17:55:45.358Z] INFO: Finished Test Case: TC_REGR_010 - Status: PASSED (39ms)

[2026-07-19T17:55:45.358Z] INFO: Starting Test Case: TC_REGR_011 - Regression validation check - Scenario 11 [Priority: CRITICAL]
[2026-07-19T17:55:45.365Z] INFO: Finished Test Case: TC_REGR_011 - Status: PASSED (7ms)

[2026-07-19T17:55:45.365Z] INFO: Starting Test Case: TC_REGR_012 - Regression validation check - Scenario 12 [Priority: HIGH]
[2026-07-19T17:55:45.383Z] INFO: Finished Test Case: TC_REGR_012 - Status: PASSED (18ms)

[2026-07-19T17:55:45.384Z] INFO: Starting Test Case: TC_REGR_013 - Regression validation check - Scenario 13 [Priority: HIGH]
[2026-07-19T17:55:45.404Z] INFO: Finished Test Case: TC_REGR_013 - Status: PASSED (20ms)

[2026-07-19T17:55:45.404Z] INFO: Starting Test Case: TC_REGR_014 - Regression validation check - Scenario 14 [Priority: LOW]
[2026-07-19T17:55:45.424Z] INFO: Finished Test Case: TC_REGR_014 - Status: PASSED (20ms)

[2026-07-19T17:55:45.424Z] INFO: Starting Test Case: TC_REGR_015 - Regression validation check - Scenario 15 [Priority: MEDIUM]
[2026-07-19T17:55:45.448Z] INFO: Finished Test Case: TC_REGR_015 - Status: PASSED (24ms)

[2026-07-19T17:55:45.449Z] INFO: Starting Test Case: TC_REGR_016 - Regression validation check - Scenario 16 [Priority: CRITICAL]
[2026-07-19T17:55:45.478Z] INFO: Finished Test Case: TC_REGR_016 - Status: PASSED (29ms)

[2026-07-19T17:55:45.478Z] INFO: Starting Test Case: TC_REGR_017 - Regression validation check - Scenario 17 [Priority: HIGH]
[2026-07-19T17:55:45.516Z] INFO: Finished Test Case: TC_REGR_017 - Status: PASSED (38ms)

[2026-07-19T17:55:45.516Z] INFO: Starting Test Case: TC_REGR_018 - Regression validation check - Scenario 18 [Priority: HIGH]
[2026-07-19T17:55:45.560Z] INFO: Finished Test Case: TC_REGR_018 - Status: PASSED (44ms)

[2026-07-19T17:55:45.560Z] INFO: Starting Test Case: TC_REGR_019 - Regression validation check - Scenario 19 [Priority: LOW]
[2026-07-19T17:55:45.591Z] INFO: Finished Test Case: TC_REGR_019 - Status: PASSED (31ms)

[2026-07-19T17:55:45.591Z] INFO: Starting Test Case: TC_REGR_020 - Regression validation check - Scenario 20 [Priority: MEDIUM]
[2026-07-19T17:55:45.599Z] INFO: Finished Test Case: TC_REGR_020 - Status: PASSED (8ms)

[2026-07-19T17:55:45.599Z] INFO: Starting Test Case: TC_REGR_021 - Regression validation check - Scenario 21 [Priority: CRITICAL]
[2026-07-19T17:55:45.608Z] INFO: Finished Test Case: TC_REGR_021 - Status: PASSED (9ms)

[2026-07-19T17:55:45.608Z] INFO: Starting Test Case: TC_REGR_022 - Regression validation check - Scenario 22 [Priority: HIGH]
[2026-07-19T17:55:45.619Z] INFO: Finished Test Case: TC_REGR_022 - Status: PASSED (11ms)

[2026-07-19T17:55:45.619Z] INFO: Starting Test Case: TC_REGR_023 - Regression validation check - Scenario 23 [Priority: HIGH]
[2026-07-19T17:55:45.649Z] INFO: Finished Test Case: TC_REGR_023 - Status: PASSED (30ms)

[2026-07-19T17:55:45.649Z] INFO: Starting Test Case: TC_REGR_024 - Regression validation check - Scenario 24 [Priority: LOW]
[2026-07-19T17:55:45.658Z] INFO: Finished Test Case: TC_REGR_024 - Status: PASSED (9ms)

[2026-07-19T17:55:45.658Z] INFO: Starting Test Case: TC_REGR_025 - Regression validation check - Scenario 25 [Priority: MEDIUM]
[2026-07-19T17:55:45.663Z] INFO: Finished Test Case: TC_REGR_025 - Status: PASSED (5ms)

[2026-07-19T17:55:45.663Z] INFO: Starting Test Case: TC_REGR_026 - Regression validation check - Scenario 26 [Priority: CRITICAL]
[2026-07-19T17:55:45.692Z] INFO: Finished Test Case: TC_REGR_026 - Status: PASSED (29ms)

[2026-07-19T17:55:45.692Z] INFO: Starting Test Case: TC_REGR_027 - Regression validation check - Scenario 27 [Priority: HIGH]
[2026-07-19T17:55:45.710Z] INFO: Finished Test Case: TC_REGR_027 - Status: PASSED (18ms)

[2026-07-19T17:55:45.710Z] INFO: Starting Test Case: TC_REGR_028 - Regression validation check - Scenario 28 [Priority: HIGH]
[2026-07-19T17:55:45.752Z] INFO: Finished Test Case: TC_REGR_028 - Status: PASSED (42ms)

[2026-07-19T17:55:45.752Z] INFO: Starting Test Case: TC_REGR_029 - Regression validation check - Scenario 29 [Priority: LOW]
[2026-07-19T17:55:45.790Z] INFO: Finished Test Case: TC_REGR_029 - Status: PASSED (38ms)

[2026-07-19T17:55:45.790Z] INFO: Starting Test Case: TC_REGR_030 - Regression validation check - Scenario 30 [Priority: MEDIUM]
[2026-07-19T17:55:45.831Z] INFO: Finished Test Case: TC_REGR_030 - Status: PASSED (41ms)

[2026-07-19T17:55:45.831Z] INFO: Starting Test Case: TC_REGR_031 - Regression validation check - Scenario 31 [Priority: CRITICAL]
[2026-07-19T17:55:45.854Z] INFO: Finished Test Case: TC_REGR_031 - Status: PASSED (23ms)

[2026-07-19T17:55:45.854Z] INFO: Starting Test Case: TC_REGR_032 - Regression validation check - Scenario 32 [Priority: HIGH]
[2026-07-19T17:55:45.893Z] INFO: Finished Test Case: TC_REGR_032 - Status: PASSED (39ms)

[2026-07-19T17:55:45.894Z] INFO: Starting Test Case: TC_REGR_033 - Regression validation check - Scenario 33 [Priority: HIGH]
[2026-07-19T17:55:45.940Z] INFO: Finished Test Case: TC_REGR_033 - Status: PASSED (46ms)

[2026-07-19T17:55:45.940Z] INFO: Starting Test Case: TC_REGR_034 - Regression validation check - Scenario 34 [Priority: LOW]
[2026-07-19T17:55:45.979Z] INFO: Finished Test Case: TC_REGR_034 - Status: PASSED (39ms)

[2026-07-19T17:55:45.979Z] INFO: Starting Test Case: TC_REGR_035 - Regression validation check - Scenario 35 [Priority: MEDIUM]
[2026-07-19T17:55:46.015Z] INFO: Finished Test Case: TC_REGR_035 - Status: PASSED (36ms)

[2026-07-19T17:55:46.015Z] INFO: Starting Test Case: TC_REGR_036 - Regression validation check - Scenario 36 [Priority: CRITICAL]
[2026-07-19T17:55:46.053Z] INFO: Finished Test Case: TC_REGR_036 - Status: PASSED (38ms)

[2026-07-19T17:55:46.053Z] INFO: Starting Test Case: TC_REGR_037 - Regression validation check - Scenario 37 [Priority: HIGH]
[2026-07-19T17:55:46.082Z] INFO: Finished Test Case: TC_REGR_037 - Status: PASSED (29ms)

[2026-07-19T17:55:46.082Z] INFO: Starting Test Case: TC_REGR_038 - Regression validation check - Scenario 38 [Priority: HIGH]
[2026-07-19T17:55:46.097Z] INFO: Finished Test Case: TC_REGR_038 - Status: PASSED (15ms)

[2026-07-19T17:55:46.097Z] INFO: Starting Test Case: TC_REGR_039 - Regression validation check - Scenario 39 [Priority: LOW]
[2026-07-19T17:55:46.122Z] INFO: Finished Test Case: TC_REGR_039 - Status: PASSED (25ms)

[2026-07-19T17:55:46.122Z] INFO: Starting Test Case: TC_REGR_040 - Regression validation check - Scenario 40 [Priority: MEDIUM]
[2026-07-19T17:55:46.138Z] INFO: Finished Test Case: TC_REGR_040 - Status: PASSED (16ms)

[2026-07-19T17:55:46.138Z] INFO: Starting Test Case: TC_REGR_041 - Regression validation check - Scenario 41 [Priority: CRITICAL]
[2026-07-19T17:55:46.184Z] INFO: Finished Test Case: TC_REGR_041 - Status: PASSED (46ms)

[2026-07-19T17:55:46.184Z] INFO: Starting Test Case: TC_REGR_042 - Regression validation check - Scenario 42 [Priority: HIGH]
[2026-07-19T17:55:46.223Z] INFO: Finished Test Case: TC_REGR_042 - Status: PASSED (39ms)

[2026-07-19T17:55:46.223Z] INFO: Starting Test Case: TC_REGR_043 - Regression validation check - Scenario 43 [Priority: HIGH]
[2026-07-19T17:55:46.245Z] INFO: Finished Test Case: TC_REGR_043 - Status: PASSED (22ms)

[2026-07-19T17:55:46.245Z] INFO: Starting Test Case: TC_REGR_044 - Regression validation check - Scenario 44 [Priority: LOW]
[2026-07-19T17:55:46.263Z] INFO: Finished Test Case: TC_REGR_044 - Status: PASSED (18ms)

[2026-07-19T17:55:46.263Z] INFO: Starting Test Case: TC_REGR_045 - Regression validation check - Scenario 45 [Priority: MEDIUM]
[2026-07-19T17:55:46.276Z] INFO: Finished Test Case: TC_REGR_045 - Status: PASSED (13ms)

[2026-07-19T17:55:46.276Z] INFO: Starting Test Case: TC_REGR_046 - Regression validation check - Scenario 46 [Priority: CRITICAL]
[2026-07-19T17:55:46.322Z] INFO: Finished Test Case: TC_REGR_046 - Status: PASSED (46ms)

[2026-07-19T17:55:46.323Z] INFO: Starting Test Case: TC_REGR_047 - Regression validation check - Scenario 47 [Priority: HIGH]
[2026-07-19T17:55:46.350Z] INFO: Finished Test Case: TC_REGR_047 - Status: PASSED (27ms)

[2026-07-19T17:55:46.350Z] INFO: Starting Test Case: TC_REGR_048 - Regression validation check - Scenario 48 [Priority: HIGH]
[2026-07-19T17:55:46.376Z] INFO: Finished Test Case: TC_REGR_048 - Status: PASSED (26ms)

[2026-07-19T17:55:46.376Z] INFO: Starting Test Case: TC_REGR_049 - Regression validation check - Scenario 49 [Priority: LOW]
[2026-07-19T17:55:46.382Z] INFO: Finished Test Case: TC_REGR_049 - Status: PASSED (6ms)

[2026-07-19T17:55:46.382Z] INFO: Starting Test Case: TC_REGR_050 - Regression validation check - Scenario 50 [Priority: MEDIUM]
[2026-07-19T17:55:46.428Z] INFO: Finished Test Case: TC_REGR_050 - Status: PASSED (46ms)

[2026-07-19T17:55:46.428Z] INFO: Closing Chrome driver session...
[2026-07-19T17:55:46.431Z] INFO: Browser logs saved successfully to: /home/runner/work/neurostay-ai/neurostay-ai/automation/reports/Logs/browser-console.log
[2026-07-19T17:55:46.483Z] INFO: Session closed.
[2026-07-19T17:55:46.483Z] INFO: E2E suite execution finished. Total duration: 43.47s
[2026-07-19T17:55:46.484Z] INFO: Generating Excel automation reports...
[2026-07-19T17:55:46.700Z] INFO: Master Excel report written to: /home/runner/work/neurostay-ai/neurostay-ai/automation/reports/Excel/Automation_Test_Report.xlsx
[2026-07-19T17:55:46.799Z] INFO: Excel report generation completed successfully!
[2026-07-19T17:55:46.800Z] INFO: Generating HTML automation reports...
[2026-07-19T17:55:46.806Z] INFO: HTML Reports successfully written to: /home/runner/work/neurostay-ai/neurostay-ai/automation/reports/HTML
[2026-07-19T17:55:46.808Z] INFO: JSON report generated at: /home/runner/work/neurostay-ai/neurostay-ai/automation/reports/JSON/execution-results.json
[2026-07-19T17:55:46.809Z] INFO: Markdown step summary generated at: /home/runner/work/neurostay-ai/neurostay-ai/automation/reports/Summary/summary.md
[2026-07-19T17:55:46.809Z] INFO: Final Metrics -> Total: 470, Passed: 466, Pass Rate: 99.15%
[2026-07-19T17:55:46.809Z] INFO: Critical Tests -> Total: 95, Failed: 2, Critical Fail Rate: 2.11%
[2026-07-19T17:55:46.809Z] INFO: Execution Passed: All criteria (Pass Rate >= 95% and Critical Fail Rate <= 5%) met successfully!
